id,person,recommended_recipes,healthiness,created,llm_nudges
180,91,"[3992, 3649, 4516]",Unhealthy,2024-12-12 13:39:58.352709+00:00,"[['#HealthyBaking', '#LowCalorieTreat', '#NutritiousCake', '#AlmondGoodness', '#IndulgentTreat', '#BakingWithLove'], ['#HealthyEnchiladaCasserole', '#LowCalorieMexicanDish', '#ProteinPackedMeal', '#HealthierAlternative', '#NotRecommendedForWeightLoss', '#FSA10'], ['#CoconutBonBons', '#HighFatContent', '#HighCalorieDessert', '#UnhealthyTreat', '#NotRecommended', '#LowProteinDish']]"
179,91,"[2955, 2746, 200]",Healthy,2024-12-12 13:39:58.349566+00:00,"[['#HealthyChickenPasta', '#LowCalorieDinner', '#HighProteinMeal', '#NutrientRichDish', '#DeliciousAndNutritious', '#FSA5Approved'], ['#HealthyHeartyHamburgerSoup', '#LowCalorieHighProtein', '#NutrientRichIngredients', '#BalancedFSA5Score', '#NutritiousSoupOption', '#SatisfyingAndLight'], ['#HealthyEating', '#LowCalorieDish', '#HighProteinMeal', '#NutrientRich', '#FSA6', '#EasyRecipe']]"
178,90,"[4206, 3885, 3983]",Unhealthy,2024-12-12 10:47:47.241570+00:00,"[['#RainbowCookies', '#UnhealthyTreat', '#HighFatContent', '#HighCalorieDessert', '#NotRecommendedForWeightLoss', '#IndulgeInModeration'], ['#HealthyCoconutTreats', '#LowCalorieCookieOption', '#NutrientRichIngredients', '#NotRecommendedForWeightLoss', '#IndulgentCoconutDelight', '#PerfectForModerateActivityLevels'], ['#HealthyBaking', '#LowProteinTreat', '#LowFSArecipe', '#LowCalorieDelight', '#AlmondShortbreadGoodness', '#RaspberryIndulgence']]"
177,90,"[200, 1716, 2955]",Healthy,2024-12-12 10:47:47.238518+00:00,"[['#HealthyAsianSkewers', '#NutritiousBeefRecipe', '#LowCalorieFlavors', '#ProteinPackedDish', '#FSA6ApprovedEats', '#DeliciouslyBalancedMeal'], ['#NutritionBoost', '#HealthyEating', '#LowCalorieMeal', '#HighProteinDish', '#DeliciousCollardGreens', '#FSA5'], ['#HealthyChickenPasta', '#LowCalorieDinner', '#HighProteinMeal', '#NutritiousPastaRecipe', '#GoodFSArating', '#BalancedDietChoice']]"
176,89,"[5474, 6345, 6563]",Unhealthy,2024-12-12 10:40:28.678598+00:00,"[['#HealthyHamChowder', '#LowFatHighProtein', '#NutritiousHamSoup', '#HealthyEatingOption', '#NotRecommendedForWeightLoss', '#AvoidIfInactive'], ['#UnhealthyPastaSauce', '#HighFatItalianSausage', '#FSA10BadChoice', '#CalorieOverload', '#NotForWeightLoss', '#NotRecommended'], ['#healthyeats', '#lowfatdelight', '#highproteindinner', '#goodforyou', '#indulgentbutbalanced', '#ricottagnocchi']]"
175,89,"[1005, 2329, 236]",Healthy,2024-12-12 10:40:28.673951+00:00,"[['#HealthyBlondeChickenChili', '#LowFatHighProteinMeal', '#NutrientRichIngredients', '#DeliciousAndNutritious', '#QuickAndEasyMeal', '#PerfectForLowEnergyDays'], ['#HealthyEatingDelight', '#LowFatHighProtein', '#FSA6ApprovedDish', '#NutrientRichMeal', '#SatisfyinglyNourishing', '#BalancedDietOption'], ['#HealthyMeatloafAlternative', '#HighProteinLowFatDish', '#NutritiousMeatloafRecipe', '#FSAapprovedMeal', '#CalorieSmartOption', '#SatisfyingAndHealthyLunchChoice']]"
174,88,"[3992, 3649, 4516]",Unhealthy,2024-12-12 10:40:15.429878+00:00,"[['#HealthyRaspberryAlmondCoffeecake', '#LowCalorieBake', '#NutrientRichTreat', '#CaffeineBoostWithBenefits', '#MindfulIndulgence', '#FitBakerChoice'], ['#HealthyEnchiladaCasserole', '#LowCalorieDinner', '#ProteinPackedMeal', '#HeartHealthyIngredients', '#FSA10Approved', '#NutritiousCasserole'], ['#DecadentCoconutIndulgence', '#UnhealthyTreat', '#HighFatLowProtein', '#CalorieBomb', '#FSA10Dish', '#NotForWeightLoss']]"
173,88,"[2955, 2746, 200]",Healthy,2024-12-12 10:40:15.426800+00:00,"[['#HealthyChickenPasta', '#LowFatHighProtein', '#NutritiousMealOption', '#DeliciousAndFilling', '#FSA5Approved', '#BalancedDietOption'], ['#ProteinPackedSoup', '#HealthyEating', '#LowCalorieMeal', '#BalancedDiet', '#NutrientRich', '#SatisfyingMeal'], ['#HealthyBeefSkewers', '#LowCalorieDish', '#HighProteinMeal', '#GingerHoisinFlavor', '#NutrientRichDinner', '#DeliciousAndNutritious']]"
172,87,"[5569, 4376, 6507]",Unhealthy,2024-12-12 10:39:01.358450+00:00,"[['#DecadentIndulgenceInAPie', '#UnhealthyConcoctionOfFatAndCalories', '#HeartAttackOnAPlate', '#DIYFastTrackToObesity', '#EatingThisIsASureWayToGainWeight', '#SkipThisRecipeForASmarterChoice'], ['#UnhealthyEggplantParmesan', '#HighCalorieDish', '#TooMuchFat', '#NoNutritionalValue', '#NotRecommended', '#InactiveLifestyle'], ['#UnhealthyChowder', '#HighFatContent', '#HighCalorieMeal', '#FattySeafood', '#UnbalancedNutrition', '#NotWorthTheEffort']]"
171,87,"[2282, 446, 2075]",Healthy,2024-12-12 10:39:01.355393+00:00,"[['#HealthyPastaFagioliSoup', '#NutrientRichDinner', '#LowFatHighProtein', '#BalancedMealOption', '#CalorieFriendlySoup', '#QuickAndEasyRecipe'], ['#HealthyBeanStew', '#FiberRichMeal', '#ProteinPackedDish', '#LowFatOption', '#NutrientDenseMeal', '#CalorieConsciousMeal'], ['#HealthyTurkeyGoulash', '#LowFatHighProtein', '#NutritiousOnePotMeal', '#FSA6Approved', '#311CalorieDelight', '#EasyAndNourishing']]"
170,86,"[3992, 3649, 4516]",Unhealthy,2024-12-12 10:38:16.069831+00:00,"[['#HealthyEating', '#BalancedDiet', '#LowCalorieTreat', '#NutritiousDessert', '#MindfulIndulgence', '#NourishingBite'], ['#HealthyEnchiladaCasserole', '#LowCalorieMeal', '#ProteinPackedDish', '#LowFatOption', '#FSA10Approved', '#NotForWeightLoss'], ['#IndulgentTreat', '#HighFatLowProtein', '#CheatDayOnly', '#NotForWeightLoss', '#ModerationIsKey', '#DeliciouslyUnhealthy']]"
169,86,"[2955, 2746, 200]",Healthy,2024-12-12 10:38:16.067097+00:00,"[['#HealthyChickenPasta', '#LowCalorieMeal', '#HighProteinDish', '#NutritiousPastaRecipe', '#BalancedMealOption', '#FSA5Approved'], ['#HealthyHamburgerSoup', '#LowFatHighProtein', '#NutrientRichEats', '#FSA5Approved', '#SatisfyingAndNourishing', '#PerfectBalanceOfFlavors'], ['#HealthyHoisinGingerBeef', '#LowCalorieProteinSkewers', '#NutrientRichBeefSkewers', '#LeanBeefForWeightLoss', '#BalancedDietSkewerOption', '#FSA6ApprovedSkewers']]"
168,85,"[5474, 5364, 6563]",Unhealthy,2024-12-12 10:36:43.102911+00:00,"[['#UnhealthyChowder', '#HighCalorieSoup', '#FatFilledDish', '#LowFSArating', '#NotForDieting', '#NotRecommended'], ['#CoconutShrimpDelight', '#HealthyEatingJourney', '#NutrientPackedDish', '#TwiceCookedGoodness', '#FitFoodieFaves', '#CookingForWellness'], ['#RichRicottaGnocchi', '#CreamyYetCalorific', '#HighFatHighProtein', '#NotForFaintHearts', '#IndulgentButNutritious', '#TastyButCalorieIntense']]"
167,85,"[2803, 2955, 200]",Healthy,2024-12-12 10:36:43.099930+00:00,"[['#HealthySpaghettiSauce', '#LowFatHighProtein', '#FSA6Approved', '#534CaloriesPerServing', '#NutrientRichSauce', '#FuelForYourActiveLifestyle'], ['#HealthyChickenPasta', '#LowFatPastaDish', '#HighProteinMeal', '#GoodFSArating', '#NutritiousDinnerOption', '#BalancedMeal'], ['#HealthyBeefSkewers', '#LowCalorieDish', '#HighProteinMeal', '#NutrientRichDinner', '#EasyRecipe', '#DeliciouslyHealthful']]"
166,84,"[3489, 3735, 5687]",Unhealthy,2024-12-12 10:35:48.595627+00:00,"[['#HealthySteakDish', '#AvocadoSalsaRecipe', '#HighProteinMeal', '#FSA10Approved', '#NutrientRichDinner', '#NotForLowCalorieDiet'], ['#UnhealthyEating', '#HighFat', '#HighCalorie', '#LowFSA', '#NotForWeightLoss', '#NeedActiveLifestyle'], ['#HighFatLowActivity', '#UnhealthyChoice', '#CalorieOverload', '#FattyHamCasserole', '#ProcessedMeatsAlert', '#NotForWeightWatchers']]"
165,84,"[561, 494, 446]",Healthy,2024-12-12 10:35:48.592719+00:00,"[['#HealthyEating', '#DeliciousMoroccanTagine', '#LowFatHighProtein', '#NutritiousTagine', '#GoodFSA', '#LowCalorieHighProtein', '#FreshIngredients', '#BalancedMeal', '#HomemadeHealthyEats', '#SatisfyingTagine', '#NutrientRich', '#CleanEatingChoice', '#WholesomeDinner', '#EnergizingMeal', '#HealthyFoodOption', '#MoroccanCuisine', '#CleanEating', '#FSA6Approved'], ['#HealthyEatingWithApplePork', '#NutritiousAppleGlazedPork', '#LowFatHighProteinOption', '#FSA6ApprovedMeal', '#WholesomePorkTenderloin', '#BalancedMealWithAppleGlaze'], ['#HealthyBlackBeanStew', '#NutrientRichDish', '#ProteinPackedMeal', '#LowFatHighProtein', '#EnergizingBeanStew', '#FillingAndNourishing']]"
164,83,"[3735, 5569, 5989]",Unhealthy,2024-12-11 16:01:29.522846+00:00,"[['#UnhealthyButTasty', '#HighCalorieDish', '#LowFSA', '#RichInProtein', '#HawaiianChicken', '#NotIdealForWeightLoss'], ['#DecadentIndulgence', '#LoadedWithCalories', '#UnhealthyButDelicious', '#TastySinfulTreat', '#HighFatContent', '#NotRecommendedForRegularConsumption'], ['#UnhealthyButDelicious', '#CalorieBomb', '#HighInFat', '#LowInProtein', '#NotForWeightLoss', '#NotRecommended']]"
163,83,"[2803, 936, 446]",Healthy,2024-12-11 16:01:29.519931+00:00,"[['#HealthySpaghettiSauce', '#NutrientRichDish', '#LowFatHighProteinMeal', '#FSA6Approved', '#CalorieFriendlyDinner', '#BalancedNutritionOption'], ['#HealthyPorkChopCasserole', '#LowFatHighProteinMeal', '#NutritiousCabbageRecipe', '#BalancedMealOption', '#DeliciousAndNutritious', '#EasyWeeknightDinner'], ['#HealthyBrazilianBeanStew', '#ProteinPackedMeals', '#LowFatHighProtein', '#NutrientRichDinner', '#NutritionallyBalancedStew', '#HeartHealthyRecipes']]"
162,82,"[3489, 4167, 5609]",Unhealthy,2024-12-11 15:17:45.340179+00:00,"[['#HealthyEatingWithFlankSteak', '#NutrientRichAvocadoSalsa', '#LowCalorieProteinMeal', '#LeanSteakHighInProtein', '#FSA10ApprovedMeal', '#BalancedDietWithFlankSteak'], ['#UnhealthyChickenDish', '#HighFatChickenBreast', '#HighCalorieMeal', '#NotForWeightLoss', '#LowActivityPrep', '#SleepDeprivedChef'], ['#UnhealthyUglies', '#HighFatLowProtein', '#FSA10', '#CalorieHeavy', '#NotRecommended', '#InactiveLifestyle']]"
161,82,"[561, 91, 494]",Healthy,2024-12-11 15:17:45.331884+00:00,"[['#HealthyEatingWithTagine', '#LowCalorieMoroccanTagine', '#HighProteinTagineOption', '#FSA6ApprovedTagine', '#NutrientRichTagineMeal', '#NourishingTagineRecipe'], ['#HealthyEating', '#LowFatMeal', '#ProteinPacked', '#NutrientRich', '#FSA5Approved', '#EasyRecipe'], ['#HealthyEatingWithPork', '#LowFatHighProteinMeal', '#DeliciousAppleGlazedPork', '#NutritiousAndDelicious', '#FSA6ApprovedRecipe', '#BalancedMealOption']]"
160,81,"[5474, 6345, 6563]",Unhealthy,2024-12-11 15:05:50.598737+00:00,"[['#HeartyHamChowder', '#HealthyIngredientsOnly', '#NutrientRichSoup', '#LowFatHighProtein', '#NotRecommendedForInactiveLifestyles', '#HighCalorieWarning'], ['#HealthyItalianSausagePastaSauce', '#NutrientRichSausageSauce', '#LowCalSausagePasta', '#ProteinPackedPastaDish', '#FSA10ItalianSausageSauce', '#SatisfyingSausageSauce'], ['#RicottaGnocchi', '#HealthyEating', '#LowCalorieMeal', '#HighProteinDish', '#NutrientRich', '#QuickAndEasyRecipe']]"
159,81,"[1005, 2329, 236]",Healthy,2024-12-11 15:05:50.595962+00:00,"[['#HealthyChickenChili', '#LowFatHighProtein', '#NutritiousMeal', '#FSAapprovedRecipe', '#HighProteinLowCalorie', '#EasyMealPrep'], ['#HealthyLentilLoaf', '#HighProteinMeal', '#LowFatOption', '#NutrientDenseDish', '#FillingAndSatisfying', '#BalancedAndNourishing'], ['#HealthyOptions', '#HighProteinDiet', '#LowCalorieMeal', '#LeanMeatAlternative', '#FillingAndDelicious', '#FSAapproved']]"
158,80,"[3489, 4167, 5609]",Unhealthy,2024-12-11 15:05:43.557947+00:00,"[['#HealthyEating', '#LowCalorieDinner', '#ProteinPackedMeal', '#AvocadoSalsa', '#NutrientRich', '#AvoidForWeightLoss'], ['#UnhealthyMeal', '#HighCalorieDish', '#HighFatContent', '#LowFSA', '#HighProteinMeal', '#NotSuitableForWeightLoss'], ['#UnhealthyFastFood', '#FSA10', '#HighFatLowProtein', '#HighCalorieCount', '#NotRecommendedForWeightLoss', '#NotSuitableForLowActivityLevels']]"
157,80,"[561, 91, 494]",Healthy,2024-12-11 15:05:43.554748+00:00,"[['#HealthyEating', '#LowCalorieMeal', '#HighProteinDish', '#NutrientRich', '#FSA6approved', '#MediterraneanCuisine'], ['#HealthyVeggieBurgers', '#NutritiousBlackBeanBurgers', '#LowCalorieHighProtein', '#FSA5Approved', '#WholesomeMeatlessBurgers', '#EnergizingMealOption'], ['#HealthyChoiceApplePorkTenderloin', '#LowFatHighProteinPorkRecipe', '#NutritiousGlazedPorkDelight', '#FSA6ApprovedPorkTenderloin', '#434CaloriesAppleGlazedPork', '#BalancedMealApplePorkTenderloin']]"
156,73,"[3992, 3649, 4516]",Unhealthy,2024-12-11 14:04:39.021200+00:00,"[['#HealthyBaking', '#LowCalorieTreat', '#NutritiousDessert', '#AlmondGoodness', '#FSA10', '#RaspberryDelight'], ['#HealthyEnchiladaCasserole', '#LowCalorieMexicanDish', '#ProteinPackedMeal', '#AvoidForWeightLoss', '#NoPreparationNeeded', '#InactiveLifestyle'], ['#HealthyIndulgence', '#DecadentTreat', '#CoconutDelight', '#NutritiousDessert', '#FSA10Approved', '#LowCalorieSweets']]"
155,73,"[2955, 2746, 200]",Healthy,2024-12-11 14:04:39.017534+00:00,"[['#HealthyChickenPasta', '#LowCalorieMeal', '#HighProteinDish', '#NutritiousChickenRecipe', '#FSA5Meal', '#EnergizingPastaOption'], ['#HealthyEatingChoice', '#HighProteinMeal', '#LowFatDish', '#NutritiousSoup', '#FSAapproved', '#DeliciouslySatisfying'], ['#HealthyBeefSkewers', '#LowCalorieDish', '#LeanProteinMeal', '#NutritiousHoisinGinger', '#FSA6Approved', '#BalancedMealOption']]"
154,78,"[3489, 3735, 5687]",Unhealthy,2024-12-11 14:03:11.402242+00:00,"[['#HealthySteakOption', '#AvocadoSalsaDelight', '#LowFSASteak', '#ProteinPackedMeal', '#NutrientRichDish', '#LeanSteakOption'], ['#UnhealthyChicken', '#HighFatHawaiian', '#FSA10', '#CalorieOverload', '#LowProteinMeal', '#NutritionWarning'], ['#ProteinPackedHamCasserole', '#LowFatHeartyCasserole', '#UnhealthyButDeliciousCasserole', '#CalorieLoadedHamCasserole', '#NotRecommendedForWeightLoss', '#HighFatLowActivityCasserole']]"
153,78,"[561, 494, 446]",Healthy,2024-12-11 14:03:11.399263+00:00,"[['#HealthyTagine', '#NutritiousMoroccanCuisine', '#LowFatHighProteinMeal', '#FSA6Approved', '#CalorieConsciousCooking', '#SatisfyingTagineDish'], ['#AppleGlazedPorkTenderloin', '#HealthyEating', '#LowFatHighProtein', '#FSA6', '#NutrientRichMeal', '#SatisfyingDinner'], ['#HealthyBlackBeanStew', '#ProteinPackedMeal', '#LowFatHighProtein', '#NutrientRichStew', '#FSA6Approved', '#BrazilianCuisine']]"
152,77,"[5474, 5364, 6563]",Unhealthy,2024-12-11 14:00:12.514256+00:00,"[['#HeartHealthyHamChowder', '#LowFatHighProteinChowder', '#NutrientRichHamChowder', '#FSA10ApprovedChowder', '#CalorieBalancedChowder', '#ProteinPackedHamChowder'], ['#HealthyShrimpDish', '#LowFatRecipe', '#HighProteinMeal', '#NotRecommendedForWeightLoss', '#UnhealthyChoice', '#HighCalorieOption'], ['#RichRicottaGnocchi', '#IndulgentCarbLoading', '#DecadentRicottaDish', '#HighCaloriePastaOption', '#CalorieBombMeal', '#NotForTheHealthConscious']]"
151,77,"[2803, 2955, 200]",Healthy,2024-12-11 14:00:12.509837+00:00,"[['#HealthySpaghettiSauce', '#LowFatHighProtein', '#NutritiousTomatoSauce', '#DeliciousAndGoodForYou', '#PerfectFSA6Score', '#MealForBodyAndMind'], ['#HealthyChickenPasta', '#LowFatHighProtein', '#NutritiousPastaDish', '#FSA5ApprovedMeal', '#DeliciousAndGoodForYou', '#FitAndFlavorfulDinner'], ['#HealthyBeefSkewers', '#LowCalorieHighProtein', '#NutritiousGingerBeef', '#FSA6ApprovedMeal', '#LeanProteinOption', '#BalancedDietChoice']]"
150,75,"[4416, 5133, 3573]",Unhealthy,2024-12-11 13:57:13.038480+00:00,"[['#CheesyIndulgence', '#RichInFlavor', '#CalorificDelight', '#NotForDieting', '#DecadentDish', '#HighInFat'], ['#HealthyEating', '#LowCalorieMeal', '#HighProteinDish', '#NutritiousIngredients', '#FSA10', '#CabbageRollsIII'], ['#DecadentRaspberryTruffleFudge', '#IndulgentTreatNotForWeightLoss', '#HighCalorieHighFatDessert', '#NotRecommendedForHighBMI', '#UnhealthyFSA10Score', '#PrepareWithModerateActivityLevel']]"
149,75,"[2210, 3084, 2483]",Healthy,2024-12-11 13:57:13.033535+00:00,"[['#HealthyVietnameseSaladRolls', '#FreshIngredientsOnly', '#LowCalorieHighProtein', '#NutrientPackedRolls', '#GoodFoodGoodMood', '#DeliciousAndNutritious'], ['#HealthyEating', '#LowFatHighProtein', '#NutritiousMeals', '#FSA6', '#CalorieCounted', '#GoodChoice'], ['#HealthyHouseFriedRice', '#LowCalorieRecipe', '#HighProteinDish', '#FSA6Approved', '#NutrientRichMeal', '#BalancedDietOption']]"
148,76,"[3514, 3489, 5152]",Unhealthy,2024-12-11 13:57:08.171487+00:00,"[['#SouthernComfortFood', '#HighFatHighProtein', '#UnhealthyChoice', '#NotForWeightLoss', '#DietSabotage', '#AvoidIfInactive'], ['#HealthyFlankSteak', '#AvocadoSalsa', '#ProteinRichDish', '#LowFatMeal', '#543Calories', '#FSA10'], ['#UnhealthyEatingChoice', '#HighCalorieMeal', '#FattySausage', '#HighFatContent', '#NotFitForWeightLoss', '#LowFSArating']]"
147,76,"[561, 494, 1151]",Healthy,2024-12-11 13:57:08.168421+00:00,"[['#HealthyEatingWithTagine', '#LowCalorieTagine', '#HighProteinMoroccanDish', '#NutritiousTagineRecipe', '#WholesomeTagineMeal', '#FSA6ApprovedTagine'], ['#HealthyEating', '#LowFatOption', '#HighProteinMeal', '#DeliciouslyHealthy', '#AppleGlazedPork', '#FSA6'], ['#HealthyEating', '#LowFatHighProtein', '#OnePotMeal', '#NutritiousBeans', '#FSA5', '#252Calories']]"
146,66,"[3649, 4416, 3992]",Unhealthy,2024-12-11 13:55:49.257887+00:00,"[['#HealthyEnchiladaCasserole', '#LowCalorieMexicanDish', '#ProteinPackedMeal', '#LowFatRecipe', '#FSA10Approved', '#NutritiousCasserole'], ['#UnhealthyCasserole', '#HighInFat', '#LowInProtein', '#FSA10', '#CalorieFilled', '#NotForWeightLoss'], ['#HealthyBaking', '#LowCalorieTreat', '#NutrientRich', '#RaspberryAlmondFlavor', '#NotRecommendedForHighBMI', '#AvoidIfNotActive']]"
145,66,"[1716, 2871, 2746]",Healthy,2024-12-11 13:55:49.253194+00:00,"[['#HealthyEating', '#NutrientRich', '#LowCalorieOption', '#HighProteinMeal', '#CollardGreensRecipe', '#DeliciousAndNutritious'], ['#HealthyEating', '#VegetableBeefSoup', '#LowCalorieDinner', '#HighProteinMeal', '#NutrientRich', '#HomemadeGoodness'], ['#HealthyHamburgerSoup', '#HeartyAndNutritious', '#LowCalorieHighProtein', '#FSAapproved', '#SatisfyingAndDelicious', '#EasyAndHealthyOptionsMenu']]"
144,68,"[5474, 6345, 6563]",Unhealthy,2024-12-11 13:55:19.423103+00:00,"[['#HealthyHamChowder', '#LowFatHighProtein', '#NotRecommendedForHighBMI', '#FSA10', '#WatchYourCalories', '#QuickAndEasyMeal'], ['#HealthyItalianSausagePastaSauce', '#LowFSAItalianSausageSauce', '#NutrientRichSausagePastaSauce', '#LeanProteinItalianSausageSauce', '#BalancedDietSausagePasta', '#ModerateCalorieItalianSausageSauce'], ['#HealthyRicottaGnocchi', '#LowFSA', '#LowCalorieGnocchi', '#HighProteinDish', '#BalancedMealOption', '#NutritiousGnocchi']]"
143,68,"[1005, 2329, 236]",Healthy,2024-12-11 13:55:19.419872+00:00,"[['#HealthyProteinPackedDish', '#LowFatHighProteinMeal', '#NutrientRichBlondeChili', '#FSA6BlondeChickenChili', '#CalorieRichHighProtein', '#NutritiousDishForWeightGain'], ['#HealthyLentilLoaf', '#HighProteinDish', '#LowFatLentilLoaf', '#BalancedMealOption', '#FSA5Approved', '#NutrientRichRecipe'], ['#HealthyEating', '#HighProteinMeals', '#LowFatCooking', '#FSAapproved', '#CalorieFriendly', '#NutrientRich']]"
142,71,"[3735, 5569, 5989]",Unhealthy,2024-12-11 13:54:35.486050+00:00,"[['#UnhealthyHawaiianChicken', '#HighCalorieDish', '#FattyChicken', '#AvoidThisRecipe', '#UnbalancedNutrition', '#NotRecommended'], ['#UnhealthyDelight', '#HighFatHighCalories', '#FSA10', '#NotSoHealthy', '#SkipIt', '#GuiltyPleasure'], ['#UnhealthyEatingChoice', '#HighCalorieDish', '#ProcessedFood', '#HighFatContent', '#LowProteinRatio', '#UnbalancedMeal']]"
141,71,"[2803, 936, 446]",Healthy,2024-12-11 13:54:35.482946+00:00,"[['#HealthyIngredients', '#NutritiousMeal', '#LowFatHighProtein', '#FSA6Score', '#534Calories', '#DivineSpaghettiSauce'], ['#HealthyPorkChopCasserole', '#LowFatHighProtein', '#FSAapprovedMeal', '#NutritiousCabbageCasserole', '#BalancedDietOption', '#FitnessFriendlyMeal'], ['#HealthyBrazilianStew', '#ProteinPackedMeal', '#LowFatHighProtein', '#NutrientRichDish', '#FSA6Approved', '#CalorieFriendlyDinner']]"
140,74,"[5644, 4030, 6454]",Unhealthy,2024-12-11 13:54:21.685306+00:00,"[['#UnhealthyCheesyBaconBreasts', '#HighCalorieDish', '#HighFatContent', '#HighProteinContent', '#NotRecommendedForWeightLoss', '#AvoidIfInactive'], ['#HealthyChiliRecipe', '#LowCalorieChili', '#HighProteinChili', '#AwardWinningFlavor', '#FSAapprovedChili', '#NutritiousChiliOption'], ['#HealthySalmon', '#Omega3Goodness', '#ProteinPackedMeal', '#LowFSArating', '#NourishingSalmonDish', '#HeartHealthyOmega3']]"
139,74,"[1005, 482, 2751]",Healthy,2024-12-11 13:54:21.681959+00:00,"[['#HealthyBlondeChickenChili', '#HighProteinLowFat', '#NutrientRichChili', '#FSA4Approved', '#SatisfyingMealOption', '#EasyPrepHealthyMeal'], ['#HealthyChickenChiliSoup', '#LowCalorieDinner', '#ProteinPackedMeal', '#NutritiousSoup', '#FSA5Rating', '#WeightLossFriendly'], ['#HealthyPorkTenderloin', '#LowFatHighProteinMeal', '#NutritiousBurgundyPork', '#BalancedDietOption', '#EasyAndDeliciousRecipe', '#HeartHealthyOption']]"
138,61,"[5474, 6345, 6563]",Unhealthy,2024-12-11 13:54:10.344301+00:00,"[['#HealthyHamChowder', '#LowFatHighProtein', '#NutritiousSoupOption', '#FSA10Approved', '#Under500Calories', '#WholesomeIngredients'], ['#HealthyItalianSausagePastaSauce', '#NutrientRichSausageSauce', '#LowCalorieItalianSausageSauce', '#ProteinPackedPastaSauce', '#HeartHealthySausageSauce', '#BalancedItalianSausageDish'], ['#HealthyRicottaGnocchi', '#LowCalorieItalianDish', '#HighProteinGnocchi', '#NutritiousPastaAlternative', '#FSA10ApprovedMeal', '#GnocchiForBalancedDiet']]"
137,61,"[1005, 2329, 236]",Healthy,2024-12-11 13:54:10.340791+00:00,"[['#HealthyChickenChili', '#LowFatHighProtein', '#NutritiousMeal', '#FSA4Approved', '#SatisfyingDinner', '#EnergyBoostingRecipe'], ['#HealthyIngredients', '#LowFatHighProtein', '#FSA5', '#NutrientRich', '#LowCalorie', '#BalancedMeal'], ['#HealthyMeatloafAlternative', '#LowFatHighProtein', '#FSA6ApprovedMeal', '#BalancedNutritionDish', '#QuickAndEasyCooking', '#NutrientRichMeal']]"
136,64,"[3735, 5569, 5989]",Unhealthy,2024-12-11 13:54:00.971194+00:00,"[['#UnhealthyHawaiianChicken', '#HighCalorieDish', '#HighFatMeal', '#LowFSArating', '#NotRecommendedForRegularDiet', '#InactiveLifestyle'], ['#IndulgentChickenPotPie', '#DecadentComfortFood', '#UnhealthyButDelicious', '#HighCalorieChickenPie', '#RichAndCreamyPie', '#GuiltyPleasureMeal'], ['#UnhealthyEating', '#HighCalories', '#HighFat', '#LowProtein', '#FSA10', '#NotRecommended']]"
135,64,"[2803, 936, 446]",Healthy,2024-12-11 13:54:00.967559+00:00,"[['#HealthySpaghettiSauce', '#LowFatHighProtein', '#NutrientRichMeal', '#DivineDinnerOption', '#FSA6Approved', '#BalancedAndDelicious'], ['#HealthyPorkChopCasserole', '#LowCalorieMeal', '#ProteinPackedDish', '#NutritiousCabbageCasserole', '#BalancedMealOption', '#QuickAndEasyRecipe'], ['#HealthyBlackBeanStew', '#HighProteinMeal', '#BrazilianFlavors', '#LowFatDiet', '#NutritiousAndDelicious', '#FSA6Approved']]"
134,72,"[4416, 5133, 3573]",Unhealthy,2024-12-11 13:53:35.162981+00:00,"[['#HealthyArtichokeCasserole', '#LowCalorieParmesanDish', '#ProteinPackedCasserole', '#FSA10Dish', '#WeightLossFriendly', '#SleepWellEatWell'], ['#HealthyCabbageRolls', '#LowCalorieMeal', '#ProteinPackedDish', '#NutrientRichIngredients', '#FSA10Recipe', '#BalancedDietOption'], ['#DecadentIndulgence', '#SinfulTreat', '#CalorieBomb', '#FSA10', '#FatOverload', '#DeliciouslyUnhealthy']]"
133,72,"[2210, 3084, 2483]",Healthy,2024-12-11 13:53:35.159507+00:00,"[['#FreshAndHealthyVietnameseRolls', '#NutrientPackedSaladRolls', '#LowCalorieHighProteinRolls', '#GoodFatsGoodEats', '#HealthyAndDeliciousRolls', '#PerfectForWeightMaintenance'], ['#HealthySlowCookerRecipe', '#LowFatHighProteinMeal', '#NutrientRichDinnerOption', '#EasyMealPrepForBusyCooks', '#BalancedNutritionForActiveLifestyles', '#FSA5ApprovedDish'], ['#HealthyEatingChoices', '#NutrientRichMeals', '#LowCalorieDishes', '#DeliciousAndNutritious', '#GoodForYou', '#FillingAndFlavorful']]"
132,70,"[3992, 3649, 4516]",Unhealthy,2024-12-11 13:53:31.691673+00:00,"[['#HealthyRaspberryAlmondCoffeecake', '#LowCalorieTreat', '#NutrientRichDessert', '#NotRecommendedForWeightLoss', '#ModeratePrepRequired', '#IndulgeResponsibly'], ['#HealthyEnchiladaCasserole', '#LowCalorieOption', '#ProteinPackedMeal', '#GoodFatContent', '#FSA10Approved', '#NutritiousDinnerOption'], ['#DecadentCoconutBonBons', '#IndulgentButUnhealthy', '#HighFatLowProteinTreat', '#NotForWeightLossJourney', '#AvoidIfWatchingCalories', '#NotRecommendedForInactiveLifestyle']]"
131,70,"[2955, 2746, 200]",Healthy,2024-12-11 13:53:31.688793+00:00,"[['#HealthyChickenPasta', '#LowCalorieMeal', '#ProteinPackedPasta', '#NutritiousDinner', '#FSAapprovedDish', '#BalancedDietOption'], ['#HealthyHamburgerSoup', '#LowFatHighProtein', '#NutritiousMealChoice', '#HeartyAndDelicious', '#FillingAndNourishing', '#BalancedDietOption'], ['#HealthyBeefSkewers', '#LowCalorieDinner', '#ProteinPackedMeal', '#NutritiousHoisinGinger', '#FSA6Approved', '#BalancedEating']]"
130,69,"[3992, 3649, 4516]",Unhealthy,2024-12-11 13:53:23.799864+00:00,"[['#HealthyBaking', '#RaspberryAlmondGoodness', '#LowCalorieTreat', '#NutrientRichDessert', '#FSA10Approved', '#BalancedIndulgence'], ['#HealthyEnchiladaCasserole', '#LowCalorieMexicanDish', '#ProteinPackedCasserole', '#WatchYourFatIntake', '#NutritiousAndDelicious', '#FSA10NotForWeightLoss'], ['#UnhealthyTreat', '#HighFatContent', '#NotRecommendedForWeightLoss', '#HighCalorieDessert', '#AvoidIfTryingToLoseWeight', '#NotSuitableForLowBMI']]"
129,69,"[2955, 2746, 200]",Healthy,2024-12-11 13:53:23.794498+00:00,"[['#HealthyChickenPasta', '#LowFatDish', '#HighProteinMeal', '#FSA5Approved', '#NutritiousPastaOption', '#BalancedDietChoice'], ['#HealthyHamburgerSoup', '#LowCalorieSoup', '#HighProteinMeal', '#NutritiousIngredients', '#HeartyAndDelicious', '#FillingAndSatisfying'], ['#HealthyBeefSkewers', '#LowCalorieDish', '#NutritiousMeal', '#ProteinPackedRecipe', '#FSA6Approved', '#EasyMealPrep']]"
128,67,"[3489, 5822, 6454]",Unhealthy,2024-12-11 13:53:20.079759+00:00,"[['#LeanProteinBoost', '#HealthyFats', '#NutrientRichMeal', '#HighProteinLowFat', '#NotIdealForInactiveLifestyle', '#ModerateCalorieOption'], ['#UnhealthyChickenDish', '#HighCalorieMeal', '#HighFatContent', '#ProcessedFoodChoice', '#LowFSArating', '#NotRecommendedForInactiveIndividuals'], ['#SucculentSalmon', '#HeartHealthyEats', '#NutrientRichDish', '#FlavorfulYetFatty', '#IndulgentButNotForAll', '#TastyButNotForWeeknights']]"
127,67,"[1005, 3229, 3092]",Healthy,2024-12-11 13:53:20.076132+00:00,"[['#HealthyChickenChili', '#LowFatProtein', '#NutrientRichMeal', '#BalancedDietOption', '#CalorieFriendlyRecipe', '#DeliciousAndNutritious'], ['#HealthySpanishMoroccanFish', '#HighProteinFishDish', '#LowFatHighProteinMeal', '#FSA6RatedFishRecipe', '#NutritiousSpanishFishDish', '#CalorieCountedFishMeal'], ['#HealthyThaiGingerChicken', '#LowFatHighProtein', '#NutritiousandDelicious', '#FSA4ApprovedMeal', '#StayFullStayHealthy', '#BalancedMealOption']]"
126,65,"[3489, 3735, 5687]",Unhealthy,2024-12-11 13:52:16.503947+00:00,"[['#HealthySteakOption', '#AvocadoSalsaDream', '#NutritiousDinnerChoice', '#HighProteinMeal', '#FSA10Approved', '#LowCalorieSteak'], ['#UnhealthyButTasty', '#HighCalorieHawaiian', '#FattyChickenDish', '#ProteinPackedButNotHealthy', '#BadFSAHawaiian', '#NotWorthTheEffort'], ['#UnhealthyCasserole', '#HighCalorieMeal', '#FattyCasserole', '#LowProteinDish', '#NotRecommended', '#HighFSAScore']]"
125,65,"[561, 494, 446]",Healthy,2024-12-11 13:52:16.500699+00:00,"[['#HealthyEating', '#NutritiousDish', '#LowFatHighProtein', '#TastyTagine', '#MediterraneanFlavors', '#EasyCooking'], ['#HealthyEating', '#LowFatHighProtein', '#FSA6', '#NutrientRichMeal', '#EnergyBoosting', '#DeliciouslyNutritious'], ['#HealthyBlackBeanStew', '#ProteinPackedMeal', '#LowFatHighProtein', '#BrazilianCuisine', '#FSA6Approved', '#NutrientRichDinner']]"
124,62,"[3992, 3649, 4516]",Unhealthy,2024-12-11 13:52:09.921093+00:00,"[['#HealthyBaking', '#LowCalorieTreats', '#NutrientRichDessert', '#WeightLossFriendly', '#FSA10Approved', '#NutritionPackedSnack'], ['#HealthyEnchiladaCasserole', '#LowCalorieMexicanDish', '#ProteinPackedMeal', '#NotRecommendedForWeightLoss', '#CookingRequiresModerateActivity', '#SleepWellBeforeIndulging'], ['#IndulgentButUnhealthy', '#HighFatContent', '#NotRecommendedForWeightLoss', '#FSA10', '#CalorieHeavy', '#AvoidIfInactive']]"
123,62,"[2955, 2746, 200]",Healthy,2024-12-11 13:52:09.917700+00:00,"[['#HealthyChickenPasta', '#LowCalorieDinner', '#ProteinPackedMeal', '#NutrientRichIngredients', '#BalancedDietOption', '#FSA5Approved'], ['#HealthyHamburgerSoup', '#LowCalorieMeal', '#HighProteinDish', '#NutritiousSoup', '#BalancedDietRecipe', '#DeliciouslyHealthy'], ['#HealthyEatingOptions', '#LowCalorieMeals', '#HighProteinRecipes', '#NutrientRichDishes', '#CleanEatingDelight', '#FSA6Approved']]"
122,63,"[3992, 3649, 4516]",Unhealthy,2024-12-11 13:52:08.810472+00:00,"[['#HealthyBaking', '#LowCalorieTreat', '#NutritiousDessert', '#AlmondPower', '#RaspberryGoodness', '#LowFSA'], ['#HealthyEating', '#LowCalorieMeal', '#HighProteinDish', '#WatchOutForFat', '#NotRecommendedForWeightLoss', '#FSA10'], ['#SinfullySweetCoconutBonBons', '#CalorificIndulgence', '#UnhealthyButDelicious', '#FattyTreats', '#DecadentDesserts', '#NotForTheHealthConscious']]"
121,63,"[2955, 2746, 200]",Healthy,2024-12-11 13:52:08.804800+00:00,"[['#HealthyChickenPasta', '#LowFatHighProtein', '#DeliciousAndNutritious', '#FSA5Approved', '#185CaloriesPerServing', '#EasyDinnerOption'], ['#HealthyHamburgerSoup', '#LowCalorieMeal', '#HighProteinDish', '#NutrientRichIngredients', '#FSA6Approved', '#SatisfyingSoup'], ['#HealthyBeefSkewers', '#LowFatHighProtein', '#FlavorfulEating', '#NutritiousMealChoice', '#FSA6Approved', '#WeightLossFriendly']]"
120,60,"[3992, 3649, 4516]",Unhealthy,2024-12-11 13:51:18.875773+00:00,"[['#HealthyEating', '#LowCalorieDessert', '#NutritiousTreat', '#AlmondGoodness', '#RaspberryDelight', '#AvoidIfHighBMI'], ['#HealthyEnchiladaCasserole', '#LowCalorieDish', '#ProteinRichMeal', '#HealthyFatsOnly', '#NotRecommendedForWeightLoss', '#HighFSAscore'], ['#UnhealthyIndulgence', '#HighFatTreat', '#CalorieBomb', '#NotFitForDiet', '#LowProteinOption', '#AvoidHighBMI']]"
119,60,"[2955, 2746, 200]",Healthy,2024-12-11 13:51:18.872670+00:00,"[['#HealthierChickenPasta', '#LowCalorieHighProtein', '#NutritiousPastaDish', '#BalancedMealOption', '#FSA5Approved', '#EnergizingChickenRecipe'], ['#HealthyHamburgerSoup', '#LowFatHighProtein', '#NutrientRichMeal', '#FSA5Approved', '#CalorieSmartChoice', '#SatisfyingSoupOption'], ['#HealthyGingerBeefSkewers', '#LowFatHighProteinMeal', '#NutrientRichDish', '#FSA6ApprovedRecipe', '#CalorieConsciousCooking', '#DeliciousAndNourishing']]"
118,56,"[5474, 6345, 6563]",Unhealthy,2024-12-11 13:51:04.096491+00:00,"[['#UnhealthyButDelicious', '#HighCalorieSoup', '#FattyHamChowder', '#LowNutritionalValue', '#NotRecommendedForWeightLoss', '#HighFatContent'], ['#IndulgentItalianSausageSauce', '#SavoryPastaTreat', '#CaloricComfortFood', '#DecadentDishAlert', '#NotSoHealthyEating', '#HighCalorieIndulgence'], ['#HealthyGnocchiRecipe', '#LowFatRicottaGnocchi', '#HighProteinMeal', '#NutritiousPastaAlternative', '#FSA10Approved', '#CalorieSmartOption']]"
117,56,"[1005, 2329, 236]",Healthy,2024-12-11 13:51:04.093012+00:00,"[['#HealthyBlondeChickenChili', '#LowFatHighProtein', '#NutrientRichRecipe', '#FSA4Approved', '#WeightLossFriendly', '#EnergyBoostingMeal'], ['#HealthyEating', '#HighProteinDish', '#NutrientRichMeal', '#LowFatOption', '#FillingMealIdeas', '#EasyPrepDinner'], ['#HealthyMeatloafOption', '#LowCalorieHighProtein', '#FSA6Approved', '#NutrientPackedDish', '#BalancedDietOption', '#EasyMealPrep']]"
116,59,"[5474, 5364, 6563]",Unhealthy,2024-12-11 13:50:27.051199+00:00,"[['#HealthyHamChowder', '#LowFatHighProtein', '#NutrientRichSoup', '#FSA10Score', '#CalorieControlledMeal', '#ProteinPackedDish'], ['#HealthyCoconutShrimp', '#LowCalorieShrimp', '#ProteinPackedMeal', '#BalancedNutrition', '#EatMindfully', '#NotForSedentaryLifestyles'], ['#HealthyRicottaGnocchi', '#LowCalorieGnocchi', '#ProteinPackedGnocchi', '#GoodFatGnocchi', '#NotForLowBMI', '#HighFSAgnocchi']]"
115,59,"[2803, 2955, 200]",Healthy,2024-12-11 13:50:27.048142+00:00,"[['#HealthySpaghettiSauce', '#LowFatHighProtein', '#NutritiousAndDelicious', '#FSA6Approved', '#CalorieFriendlyOption', '#BalancedMealOption'], ['#HealthyChickenPasta', '#LowFatHighProtein', '#NutritiousMealOption', '#FSA5RatedDish', '#BalancedDietChoice', '#DeliciousAndNutritious'], ['#HealthyEatingWithHoisinGinger', '#LowCalorieBeefSkewers', '#NutrientRichProteinMeal', '#HeartHealthyBeefDish', '#FSA6ApprovedRecipe', '#EasyPrepLowFatMeal']]"
114,58,"[4416, 5133, 3573]",Unhealthy,2024-12-11 13:50:16.703685+00:00,"[['#HealthyEating', '#LowCalorieDish', '#HighProteinMeal', '#NutrientRich', '#MindfulEating', '#FitnessFuel'], ['#HealthyCabbageRolls', '#LowCalorieMeal', '#NutrientRichDish', '#WeightLossFriendlyEats', '#FSA10Approved', '#BalancedProteinMeal'], ['#IndulgentTreat', '#DecadentDessert', '#HighFatContent', '#UnhealthyOption', '#CheatDayDish', '#CalorieBomb']]"
113,58,"[2210, 3084, 2483]",Healthy,2024-12-11 13:50:16.699947+00:00,"[['#HealthyEatingVietnameseRolls', '#LowCalorieSaladRolls', '#HighProteinVietnameseWraps', '#FreshIngredientsHealthyDish', '#FSAApprovedVietnameseRolls', '#NutrientPackedSaladRolls'], ['#NutritiousSwissSteak', '#HealthySlowCookerMeal', '#LowFatHighProtein', '#BalancedFSAapprovedDish', '#WholesomeComfortFood', '#WeightMaintenanceFriendly'], ['#HealthyHouseFriedRice', '#NutritiousAndDelicious', '#LowCalorieHighProteinMeal', '#FSA6Approved', '#BalancedDietOption', '#FuelYourBodyRight']]"
112,57,"[3992, 3649, 4516]",Unhealthy,2024-12-11 13:49:27.898841+00:00,"[['#HealthyBaking', '#LowCalorieTreat', '#NutritiousDessert', '#AlmondGoodness', '#FSA10', '#RaspberryIndulgence'], ['#HealthyEnchiladaCasserole', '#LowCalorieDinnerIdeas', '#ProteinPackedMeals', '#NutrientRichCasseroles', '#FSA10Approved', '#EasyWeeknightMeals'], ['#UnhealthyFatBomb', '#HighCalorieTreat', '#FSA10Dessert', '#CalorieOverload', '#NutritionallyPoor', '#NotForWeightLoss']]"
111,57,"[2955, 2746, 200]",Healthy,2024-12-11 13:49:27.896138+00:00,"[['#HealthyChickenPasta', '#NutritiousMeal', '#LowFatHighProtein', '#FSA5Approved', '#LowCalorieDinner', '#BalancedDiet'], ['#HealthyEating', '#LowCalorieHighProtein', '#HeartyHamburgerSoup', '#NutrientRichIngredients', '#FSA5Approved', '#SatisfyingSoup'], ['#HealthyEatingGoals', '#LowCalorieOption', '#HighProteinMeal', '#NutrientRichDish', '#FSA6', '#LowFatMeal', '#WholesomeIngredients', '#BalancedNutrition', '#SatisfyingMeal', '#LeanProteinSource', '#DeliciousAndNutritious', '#QuickAndEasyRecipe', '#FuelYourBodyRight', '#NourishingMeal', '#GoodForMediumActivityLevels', '#WeightManagement', '#OptimalNutrition', '#EasyMealPrep']]"
110,55,"[3992, 3649, 4516]",Unhealthy,2024-12-11 11:25:07.648105+00:00,"[['#HealthyEating', '#LowFatBaking', '#NutritiousTreat', '#AlmondLove', '#IndulgeResponsibly', '#WatchYourCalories'], ['#HealthyEnchiladaCasserole', '#LowCalorieMexicanDish', '#ProteinPackedMeal', '#NotRecommendedForHighBMI', '#QuickAndEasyRecipe', '#NotSuitableForInactiveLifestyle'], ['#DecadentCoconutBonBons', '#IndulgentTreat', '#CalorificDelight', '#RichInFat', '#UnhealthyChoice', '#HighCalorieDessert']]"
109,55,"[2955, 2746, 200]",Healthy,2024-12-11 11:25:07.645289+00:00,"[['#HealthyChickenPasta', '#LowCalorieMeal', '#ProteinPackedDinner', '#NutritiousPastaRecipe', '#WeightLossFriendly', '#EasyAndQuickMeal'], ['#HealthyHamburgerSoup', '#LowCalorieHighProtein', '#NourishingSoup', '#BalancedDietMeal', '#NutrientPackedSoup', '#HeartHealthyMeal'], ['#HealthyBeefSkewers', '#LeanProteinMeal', '#NutritiousDinnerOption', '#LowCalorieCooking', '#FlavorfulDish', '#FSA6Approved']]"
108,54,"[5474, 6345, 6563]",Unhealthy,2024-12-11 11:02:34.092156+00:00,"[['#UnhealthyChowder', '#HighCalorieMeal', '#FattySoup', '#LowProteinDish', '#AvoidIfOverweight', '#NotIdealForWeightLoss'], ['#SausagePastaWithSauce', '#UnhealthyPastaChoice', '#HighCalorieDish', '#NotForWeightLoss', '#NotRecommendedForLateNightMeals', '#BetterOptionsAvailable'], ['#HealthyRicottaGnocchi', '#LowCalorieGnocchi', '#HighProteinPasta', '#NutrientRichDish', '#NotRecommendedForWeightLoss', '#FSA10Meal']]"
107,54,"[1005, 2329, 236]",Healthy,2024-12-11 11:02:34.089330+00:00,"[['#HealthyEatingWithBlondeChickenChili', '#ProteinPackedChiliForWeightMaintenance', '#LowFatHighProteinChiliOption', '#NourishingBlondeChickenChiliRecipe', '#FSA4ApprovedChiliForBalancedDiet', '#NutrientRichChiliForActiveLifestyle'], ['#HealthyEatingWithLentilLoaf', '#NutritiousLentilLoafRecipe', '#FSA5LentilLoaf', '#LowCalorieHighProteinMeal', '#EnergizingLentilLoaf', '#WholesomeLentilLoafDish'], ['#HealthyMeatloafAlternative', '#LowCalorieHighProtein', '#DeliciousAndNutritious', '#FSA6Approved', '#FuelForMediumActivity', '#SatisfyinglyHealthy']]"
106,53,"[3992, 3649, 4516]",Unhealthy,2024-12-11 10:54:33.442586+00:00,"[['#HealthyTreat', '#LowCalorieIndulgence', '#NutritiousBite', '#BalancedBreakfastOption', '#NotForWeightLoss', '#MadeWithLove'], ['#HealthyEnchiladaCasserole', '#LowCalorieMexicanDish', '#ProteinPackedMeal', '#BalancedFatContent', '#NotRecommendedForHighBMI', '#BetterOptionsForInactiveLifestyle'], ['#UnhealthyIndulgence', '#HighFatTreat', '#CalorieBomb', '#FattySnack', '#NutrientPoorOption', '#NotRecommended']]"
105,53,"[2955, 2746, 200]",Healthy,2024-12-11 10:54:33.439704+00:00,"[['#HealthyChickenPasta', '#LowCalorieMeal', '#HighProteinDish', '#NutritiousPastaOption', '#BalancedMealChoice', '#FSAapprovedRecipe'], ['#HealthyHamburgerSoup', '#LowCalorieMeal', '#ProteinPackedSoup', '#NutrientRichIngredients', '#FSAapprovedRecipe', '#EasyAndDelicious'], ['#HealthyBeefSkewers', '#LowCalorieMeal', '#ProteinPackedDish', '#NutrientRichIngredients', '#HighFiberMeal', '#DeliciouslyHealthyDinner']]"
104,52,"[3735, 4761, 5227]",Unhealthy,2024-12-11 10:36:31.190661+00:00,"[['#UnhealthyEating', '#HighCalorieMeal', '#NotForWeightWatchers', '#LowQualityNutrition', '#AvoidIfInactive', '#SleepDeprivationAndBadFood'], ['#HealthySpaghettiSauce', '#LowFSA', '#NutrientRichDish', '#HighProteinMeal', '#CalorieControlled', '#CleanEatingOption'], ['#HealthyTwistOnPasta', '#FlavorfulTomatoAndFeta', '#ProteinPackedShrimp', '#NutritiousIngredientsOnly', '#NotForWeightWatchers', '#HighCalorieIndulgence']]"
103,52,"[561, 107, 494]",Healthy,2024-12-11 10:36:31.187840+00:00,"[['#HealthyEating', '#LowFatDiet', '#ProteinPacked', '#NutritiousAndDelicious', '#EasyMealPrep', '#QuickAndHealthy'], ['#HealthyVeggieBurgers', '#NutrientRichBurgers', '#LowFatHighProtein', '#BestFSA6Score', '#CalorieConsciousBurgers', '#NourishingPlantBasedEats'], ['#HealthyPorkRecipe', '#LowFatAppleGlazedPork', '#HighProteinMeal', '#DeliciousAndNutritious', '#FSA6Approved', '#EasyToMakeDinner']]"
102,51,"[3735, 4376, 5837]",Unhealthy,2024-12-11 10:30:53.119106+00:00,"[['#UnhealthyOption', '#HighInFat', '#HighCalorieMeal', '#AvoidIfWatchingWeight', '#BetterChoicesAvailable', '#NotRecommendedForMemberWithNormalBMI'], ['#UnhealthyAndHighCalorie', '#FatAndProteinLoaded', '#HighFSArating', '#NotRecommendedForRegularDiet', '#CalorieBomb', '#AvoidForMaintainingHealth'], ['#UnhealthyBaconCheeseTreats', '#HighFatHighCalorie', '#FSA10', '#NutritionallyUnwise', '#NotForHealthyEaters', '#IndulgentBaconSnack']]"
101,51,"[2282, 446, 2075]",Healthy,2024-12-11 10:30:53.112021+00:00,"[['#HealthyAndDeliciousSoup', '#NutrientRichMeal', '#LowFatHighProtein', '#FSA6Approved', '#SatisfyingAndNourishing', '#EasyAndWholesome'], ['#HealthyBlackBeanStew', '#ProteinPackedMeal', '#LowFatHighProtein', '#NutrientRichDinner', '#BalancedMealOption', '#FSA6Approved'], ['#HealthyTurkeyGoulash', '#LeanProteinMeal', '#NutrientRichDinner', '#LowFatHighProtein', '#FSA6Approved', '#NutritiousAndDelicious']]"
100,48,"[3992, 3649, 4516]",Unhealthy,2024-12-11 10:29:42.797576+00:00,"[['#HealthyBakingWithRaspberries', '#AlmondGoodnessInEveryBite', '#LowCalorieTreat', '#FSA10approvedCoffeecake', '#NutrientRichIndulgence', '#EnergizingSnackOption'], ['#HealthyEnchiladaCasserole', '#LowCalorieEnchiladas', '#ProteinPackedMeal', '#NutrientRichDish', '#NotRecommendedForInactiveLifestyles', '#NotSuitableForHighBMI'], ['#DecadentCoconutBonBons', '#IndulgentTreats', '#CalorieBomb', '#FattyButDelicious', '#UnhealthyDelights', '#NotForTheHealthConscious']]"
99,48,"[2955, 2746, 200]",Healthy,2024-12-11 10:29:42.794683+00:00,"[['#HealthyChickenPasta', '#NutritiousMeal', '#LowFatHighProtein', '#FSA5Approved', '#CalorieCountedDish', '#DeliciousAndNutrientRich'], ['#HealthyHamburgerSoup', '#LowCalorieMeal', '#HighProteinDish', '#NutritiousSoup', '#FillingAndHearty', '#DeliciouslyBalanced'], ['#HealthyBeefSkewers', '#LowCalorieDish', '#LeanProteinMeal', '#NutrientRichRecipe', '#FSAapprovedDish', '#EasyAndDelicious']]"
98,50,"[3735, 4376, 5837]",Unhealthy,2024-12-11 10:28:52.071978+00:00,"[['#UnhealthyButDelicious', '#HighCalorieHawaiianChicken', '#FattyChickenOption', '#NotForWeightWatchers', '#LowProteinHighFat', '#CalorificChickenDish'], ['#UnhealthyEggplantParmesan', '#HighCalorieEggplant', '#HighFatEggplantDish', '#ProteinPackedMeal', '#NotRecommendedForHealthyEating', '#NotSuitableForBalancedDiet'], ['#UnhealthyEats', '#HighCalorieTreats', '#FattyFoods', '#JunkFoodAlert', '#HeartAttackOnAPlate', '#NotFitForFitPeople']]"
97,50,"[2282, 446, 2075]",Healthy,2024-12-11 10:28:52.068943+00:00,"[['#HealthyEating', '#HighProteinMeal', '#LowFatOptions', '#NutritiousAndDelicious', '#FSAapproved', '#SatisfyingSoups'], ['#HealthyIngredientsForYou', '#LowFatHighProteinStew', '#NutrientRichBlackBeans', '#FSA6ApprovedDish', '#DeliciousAndNutritiousMeal', '#BrazilianFlavorsInEveryBite'], ['#HealthyTurkeyGoulash', '#LowFatHighProtein', '#NutritiousAndDelicious', '#FSA6Approved', '#311CaloriesPerServing', '#EasyAndHealthyDinner']]"
96,49,"[3735, 5569, 5989]",Unhealthy,2024-12-11 10:28:43.849163+00:00,"[['#UnhealthyRecipe', '#HighCalorieMeal', '#FattyChicken', '#LowProteinDish', '#HighFSArating', '#NotBalancedDiet'], ['#IndulgentChickenPotPie', '#HighCalorieComfortFood', '#UnhealthyButDelicious', '#FatLadenPotPie', '#NotFitForEverydayEating', '#DecadentDish'], ['#UnhealthyDrumettes', '#HighCalorieMeal', '#HighFatDish', '#LowProteinOption', '#AvoidIfNormalBMI', '#NotRecommendedForRegularEaters']]"
95,49,"[2803, 936, 446]",Healthy,2024-12-11 10:28:43.846300+00:00,"[['#HealthySpaghettiSauce', '#LowFatHighProtein', '#NutritiousPastaSauce', '#DivineDinnerOption', '#FSAapprovedRecipe', '#BalancedMealOption'], ['#HealthyPorkChopCasserole', '#LowFatHighProteinMeal', '#NutritiousCabbageRecipe', '#FSA4ApprovedDish', '#BalancedCalorieMeal', '#HeartHealthyDinnerOption'], ['#HealthyBlackBeanStew', '#NutritiousBrazilianStew', '#HighProteinMeal', '#LowFatStew', '#FSAapprovedRecipe', '#FlavorfulAndFilling']]"
94,47,"[3735, 4376, 5837]",Unhealthy,2024-12-11 10:28:02.059787+00:00,"[['#UnhealthyEating', '#HighFatContent', '#LowFSA', '#CalorieOverload', '#NotRecommended', '#NotWorthTheEffort'], ['#UnhealthyChoice', '#HighCalorieMeal', '#HighFatContent', '#LowProteinContent', '#PoorNutritionalValue', '#NotRecommended'], ['#UnhealthyBaconCheeseTreats', '#HighCalorieBaconSnack', '#FattyBaconCheeseBites', '#NotRecommendedForNormalBMI', '#HighFatHighCalorieTreats', '#AvoidIfInactiveAndHealthy']]"
93,47,"[2282, 446, 2075]",Healthy,2024-12-11 10:28:02.056666+00:00,"[['#HealthyIngredients', '#NutrientRich', '#LowFatHighProtein', '#FSA6', '#BalancedMeal', '#SatisfyingSoup'], ['#HealthyBlackBeanStew', '#ProteinPackedMeal', '#LowFatHighProtein', '#FSA6Approved', '#BrazilianFlavors', '#NutrientRichDinner'], ['#Healthymeals', '#TurkeyGoulash', '#HighProteinDiet', '#LowFatMeal', '#NutritiousAndDelicious', '#FSA6']]"
92,46,"[5474, 6345, 6563]",Unhealthy,2024-12-11 10:24:42.306364+00:00,"[['#RichAndCreamyHamChowder', '#HighCalorieHighFatChowder', '#AvoidIfWatchingCalories', '#UnhealthyYetDelicious', '#HighFatHighProteinChowder', '#NotRecommendedForWeightLoss'], ['#SavorySausageSauce', '#HealthyItalianSausage', '#NutrientRichPastaSauce', '#ModerateHealthRating', '#CalorieConsciousOption', '#ProteinPackedMeal'], ['#RicottaGnocchi', '#HighFatLowProtein', '#UnhealthyOption', '#HighCalorieMeal', '#NotRecommendedForWeightLoss', '#NoSleepNoCooking']]"
91,46,"[1005, 2329, 236]",Healthy,2024-12-11 10:24:42.303315+00:00,"[['#HealthyProteinPackedChickenChili', '#BalancedNutritionBlondeChickenChili', '#LowFatHighProteinChiliRecipe', '#FSA4ApprovedChickenChili', '#NourishingBlondeChickenChili', '#WholesomeLowCalorieChiliOption'], ['#NutritiousLentilLoaf', '#HealthyEatingChoice', '#FillingAndFiberRich', '#LowFatHighProtein', '#DeliciousAndGoodForYou', '#QuickAndEasyNutrition'], ['#HealthyMeatAlternative', '#LowCalorieHighProtein', '#FSA6Approved', '#NutrientDenseDinner', '#EasyMealPrepOption', '#SatisfyingAndNourishing']]"
90,45,"[5569, 4376, 6507]",Unhealthy,2024-12-11 10:22:08.936818+00:00,"[['#HealthyChickenPotPie', '#LowNutritionValue', '#HighFatContent', '#UnhealthyDish', '#HighCalorieMeal', '#NotRecommended'], ['#UnhealthyEggplantParmesan', '#HighFatLowNutrition', '#HighCalorieDish', '#NotRecommendedForWeightLoss', '#LowFSArating', '#NotSuitableForInactiveLifestyle'], ['#UnhealthyChowder', '#HighFatContent', '#HighCalorieDish', '#LowNutritionalValue', '#NotRecommendedForRegularConsumption', '#IndulgenceOnly']]"
89,45,"[2282, 446, 2075]",Healthy,2024-12-11 10:22:08.933991+00:00,"[['#HealthyPastaFagioliSoup', '#LowFatHighProteinMeal', '#NutritiousBeanSoup', '#DeliciousYetLowCalorie', '#QuickAndEasyDinnerOption', '#PerfectHealthyComfortFood'], ['#HealthyBlackBeanStew', '#ProteinPackedMeal', '#LowFatHighProtein', '#BrazilianFlavors', '#NutrientRichDish', '#FSAapprovedRecipe'], ['#HealthyTurkeyGoulash', '#NutritiousDinnerOption', '#LowFatHighProteinMeal', '#BalancedMealChoice', '#FSA6ApprovedRecipe', '#QuickAndEasyDinnerIdeas']]"
88,43,"[5474, 6345, 6563]",Unhealthy,2024-12-11 10:21:26.549778+00:00,"[['#UnhealthyHamChowder', '#HighCalorieSoup', '#FattyMeal', '#LowProteinDish', '#NotSuitableForWeightLoss', '#SkipThisRecipe'], ['#SavorySausagePasta', '#ItalianSausageDelight', '#CalorieRichSauce', '#DecadentPastaDish', '#FSA10Warning', '#UnhealthyIndulgence'], ['#DecadentDish', '#HighFatContent', '#HighCalorieMeal', '#UnhealthyChoice', '#NotRecommended', '#SkipThisRecipe']]"
87,43,"[1005, 2329, 236]",Healthy,2024-12-11 10:21:26.546755+00:00,"[['#HealthyChickenChili', '#HighProteinMeal', '#LowFatDish', '#NutritiousRecipe', '#FSA4Approved', '#LowCalorieOption'], ['#HealthyEatingGoalsWithLentilLoaf', '#HighProteinLowFatLentilLoaf', '#NutritiousAndDeliciousLentilLoaf', '#FSAApprovedLentilLoaf', '#EnergyBoostingLentilLoaf', '#FuelYourBodyWithLentilLoaf'], ['#HealthyEating', '#HighProteinDiet', '#LowFatMeal', '#GoodFoodScore', '#CalorieFriendly', '#QuickAndEasyMeal']]"
86,44,"[5474, 6345, 6563]",Unhealthy,2024-12-11 10:19:02.607566+00:00,"[['#UnhealthyDishAlert', '#HighCalorieMeal', '#HighFatContent', '#LowProteinOption', '#NotRecommendedForWeightLoss', '#InactiveLifestyle'], ['#HealthyItalianSausageSauce', '#LeanProteinPastaSauce', '#LowCalorieItalianSausage', '#ModerateFatPastaSauce', '#NotForWeightLoss', '#InactivePrepNotRecommended'], ['#HealthyRicottaGnocchi', '#LowFSA', '#LowCalorieGnocchi', '#HighProteinGnocchi', '#NutritiousRicottaDish', '#LeanProteinMeal']]"
85,44,"[1005, 2329, 236]",Healthy,2024-12-11 10:19:02.604253+00:00,"[['#HealthyBlondeChickenChili', '#LowFatHighProteinMeal', '#WholesomeIngredientsOnly', '#FSA4ApprovedRecipe', '#NutrientRichDish', '#IdealForBusyLifestyles'], ['#ProteinPackedLentilLoaf', '#HealthyEatingMadeEasy', '#BalancedMeals', '#LowFatHighProtein', '#NutrientRichDinner', '#QuickandHealthyCooking'], ['#HealthyMeatlessMeal', '#LowFatPlantBasedOption', '#HighProteinDish', '#NutrientPackedMeatloaf', '#DeliciousandNutritious', '#FSAapprovedRecipe']]"
84,41,"[3992, 3649, 4516]",Unhealthy,2024-12-11 10:18:35.687016+00:00,"[['#HealthyBaking', '#LowCalorieTreat', '#AlmondGoodness', '#NutrientRichDessert', '#NotForEveryday', '#IndulgeInModeration'], ['#HealthyEnchiladaCasserole', '#LowCalorieMexicanCasserole', '#ProteinPackedEnchiladas', '#FSA10ApprovedMeal', '#NutritiousCasseroleOption', '#LeanEnchiladaBake'], ['#UnhealthyTreats', '#HighFatContent', '#HighCalorieDessert', '#NotRecommendedForWeightLoss', '#IndulgentSweets', '#FattySweetTooth']]"
83,41,"[2955, 2746, 200]",Healthy,2024-12-11 10:18:35.683663+00:00,"[['#HealthyChickenPasta', '#LowFatHighProtein', '#NutritiousPastaDish', '#DeliciousAndGoodForYou', '#EasyAndHealthyMeal', '#FSA5Approved'], ['#HealthyHamburgerSoup', '#NutritiousSoup', '#LowCalorieDinner', '#ProteinPackedMeal', '#FSAapprovedRecipe', '#EasyHealthyEating'], ['#HealthyBeefSkewers', '#LowCalorieProtein', '#GingerHoisinGoodness', '#NutrientPackedSkewers', '#DeliciouslyHealthyEats', '#FSA6ApprovedDish']]"
82,42,"[5474, 6345, 6563]",Unhealthy,2024-12-11 10:18:02.223699+00:00,"[['#UnhealthyHamChowder', '#HighCalorieChowder', '#FatLadenSoup', '#LowNutrientChowder', '#NotWorthIt', '#InactiveProcess'], ['#SausagePastaSauce', '#ItalianSausage', '#NotSoHealthy', '#HighCalorieMeal', '#LowFSArating', '#NotRecommended'], ['#HealthyRicottaGnocchi', '#LowFatGnocchi', '#ProteinPackedGnocchi', '#FSA10Gnocchi', '#442CalorieGnocchi', '#NutrientRichGnocchi']]"
81,42,"[1005, 2329, 236]",Healthy,2024-12-11 10:18:02.220254+00:00,"[['#HealthyProteinPackedMeal', '#LowFatHighProteinDish', '#NutrientRichBlondeChickenChili', '#FSAapprovedChickenChili', '#HighProteinLowCalorieOption', '#BalancedMealOption'], ['#HealthyEatingGoals', '#LowFatHighProtein', '#NutrientPackedMeal', '#FSA5Approved', '#CalorieSmartChoice', '#EnergyBoostingDinner'], ['#HealthyMeatloafAlternative', '#LowCalorieHighProtein', '#FSA6Approved', '#HeartHealthyIngredients', '#EasyAndQuickRecipe', '#BoostYourProteinIntake']]"
80,34,"[3735, 5569, 5989]",Unhealthy,2024-12-11 10:16:58.854410+00:00,"[['#UnhealthyHawaiianChicken', '#HighCalorieDish', '#HighFatContent', '#LowProteinOption', '#NotRecommendedForRegularDiet', '#FSA10HawaiianChicken'], ['#HeartHealthyPotPie', '#HighProteinDish', '#LowFatComfortFood', '#NutritiousChickenPie', '#UnhealthyFSA10Score', '#CalorieRichMeal'], ['#UnhealthyEatingChoice', '#HighCalorieDrumettes', '#SugaryAndFattyMeal', '#UnbalancedNutrition', '#NotRecommendedForHealthyDiet', '#CalorieOverload']]"
79,34,"[2803, 936, 446]",Healthy,2024-12-11 10:16:58.850882+00:00,"[['#DivineSpaghettiSauce', '#HealthyEating', '#FSA6', '#LowCalorieHighProtein', '#NutritiousIngredients', '#DeliciousAndHealthy'], ['#HealthyPorkChopCasserole', '#LowFatHighProtein', '#BalancedMealOption', '#NutritiousCabbageRecipe', '#FSA6Approved', '#CalorieFriendlyDinner'], ['#NutritiousBrazilianStew', '#HealthyBeans', '#ProteinPackedMeal', '#FSAapprovedRecipe', '#BalancedDietChoice', '#HeartHealthyStew']]"
78,32,"[3489, 3735, 5687]",Unhealthy,2024-12-11 10:16:47.587803+00:00,"[['#HealthyEating', '#AvocadoSalsa', '#ProteinPacked', '#LowFatOption', '#NutrientRich', '#KeepItLight'], ['#UnhealthyChoice', '#HighCalorieContent', '#LowFSArating', '#HighFatContent', '#ProteinRich', '#NotFitForRegularDiet'], ['#HeartHealthyCasserole', '#LowFatHighProtein', '#NutritiousHamDish', '#UnhealthyFSA', '#CalorieBomb', '#NotRecommended']]"
77,32,"[561, 494, 446]",Healthy,2024-12-11 10:16:47.584577+00:00,"[['#HealthyEating', '#NutritiousDinner', '#LowFatMeal', '#ProteinPacked', '#DeliciouslyFlavorful', '#EnergyBoosting'], ['#HealthyEating', '#LowFat', '#HighProtein', '#NutrientRich', '#FSA6', '#EasyRecipe'], ['#HealthyBeans', '#ProteinPackedStew', '#LowFatDish', '#NutrientRichMeal', '#FSA6Approved', '#EnergyBoostingMeal']]"
76,38,"[3489, 3735, 5687]",Unhealthy,2024-12-11 10:16:45.920061+00:00,"[['#HealthySteakOption', '#ProteinPackedMeal', '#AvocadoSalsaDelight', '#LowFatDish', '#NotRecommendedForWeightGoals', '#HighCalorieContent'], ['#NotHealthy', '#HighFat', '#LowQualityProtein', '#UnbalancedMeal', '#UnsatisfyingCalories', '#SkipThisDish'], ['#HealthyHamCasserole', '#LowFSAHamCasserole', '#ProteinPackedMeal', '#NutrientRichIngredients', '#CalorieConsciousChoice', '#NotForEverydayConsumption']]"
75,38,"[561, 494, 446]",Healthy,2024-12-11 10:16:45.916795+00:00,"[['#HeartHealthyTagine', '#LowFatHighProtein', '#NutritiousMoroccanCuisine', '#FSA6Approved', '#CalorieFriendlyDish', '#EasyAndHealthyMeal'], ['#HealthyEatingMadeEasy', '#NutrientRichMeal', '#LowFatHighProteinDish', '#FSA6Approved', '#CalorieSmartOption', '#DeliciousAndNourishing'], ['#HealthyBeansStew', '#NutritiousBrazilianStew', '#LowFatHighProtein', '#FSAapprovedStew', '#CalorieSmartStew', '#EnergyBoostingMeal']]"
74,39,"[3992, 3649, 4516]",Unhealthy,2024-12-11 10:16:45.491220+00:00,"[['#HealthyBaking', '#LowCalorieTreat', '#NutritiousCoffeecake', '#AlmondGoodness', '#RaspberryDelight', '#EatingGoalsNeeded'], ['#HealthyEnchiladaCasserole', '#LowCalorieMexicanDish', '#ProteinPackedCasserole', '#NutrientRichMeal', '#ModerateFatContent', '#NotRecommendedForInactiveIndividuals'], ['#DecadentCoconutBonBons', '#HighFatIndulgence', '#UnhealthyTreat', '#CalorieBomb', '#NotForWeightLoss', '#InactiveLifestyle']]"
73,39,"[2955, 2746, 200]",Healthy,2024-12-11 10:16:45.487881+00:00,"[['#HealthyChickenPastaOption', '#LowFatHighProteinMeal', '#DeliciousAndNutritious', '#FSA5ApprovedDish', '#NutrientRichPasta', '#CalorieFriendlyDinner'], ['#HealthyHamburgerSoup', '#LowCalorieDish', '#ProteinPackedMeal', '#NutritiousIngredients', '#FSA5Approved', '#EasyHealthyRecipe'], ['#HealthyEating', '#LowFatHighProtein', '#NutritiousMeal', '#BalancedDietOption', '#CalorieFriendly', '#DeliciousAndHealthy']]"
72,40,"[5474, 6345, 6563]",Unhealthy,2024-12-11 10:16:35.459378+00:00,"[['#HighFatLowProtein', '#UnhealthyChowder', '#HighCalorieMeal', '#NotWeightLossFriendly', '#PoorNutritionalChoice', '#AvoidForLowActivityLevels'], ['#HealthyItalianSausageSauce', '#LowCaloriePastaSauce', '#LeanProteinSausageDish', '#FSA10PastaSauce', '#ReducedFatItalianSausage', '#NotRecommendedForWeightLoss'], ['#HealthyRicottaGnocchi', '#LowFatHighProtein', '#CalorieConsciousGnocchi', '#NutrientRichDish', '#FSA10Approved', '#GuiltFreeGnocchi']]"
71,40,"[1005, 2329, 236]",Healthy,2024-12-11 10:16:35.454698+00:00,"[['#HealthyChickenChili', '#LowFatHighProteinMeal', '#FSAapprovedRecipe', '#NutrientRichDish', '#EnergyBoostingMeal', '#NourishingDinnerOption'], ['#NutrientRichLentilLoaf', '#HealthyProteinPackedMeal', '#FillingYetLowCalorie', '#BalancedNutritionLentilLoaf', '#HeartHealthyDinnerOption', '#WeightManagementFriendlyDish'], ['#HealthyMeatloafAlternative', '#LowFatHighProteinDish', '#FSA6ApprovedMeal', '#NutrientPackedDinnerOption', '#CalorieConsciousCooking', '#EnergyBoostingRecipe']]"
70,37,"[3992, 3649, 4516]",Unhealthy,2024-12-11 10:16:07.771887+00:00,"[['#HealthyBaking', '#LowCalorieTreat', '#AlmondGoodness', '#FSA10', '#WeightLossFriendly', '#BakeWithBalance'], ['#HealthyEnchiladaCasserole', '#LowCalorieMexicanCasserole', '#ProteinPackedDinner', '#Omega3RichRecipe', '#NotForWeightLoss', '#NotEnoughActivity'], ['#DecadentCoconutBonBons', '#IndulgentTreat', '#HighFatLowProtein', '#UnhealthyDelight', '#SkipIfWatchingWeight', '#NotRecommended']]"
69,37,"[2955, 2746, 200]",Healthy,2024-12-11 10:16:07.768899+00:00,"[['#HealthyChickenPasta', '#LowCalorieMeal', '#ProteinPackedDish', '#NutrientRichMeal', '#FSAapprovedRecipe', '#BalancedAndDelicious'], ['#HealthyHamburgerSoup', '#LowFatHighProtein', '#GoodFSArating', '#NutritiousSoup', '#LowCalorieMeal', '#DeliciouslyHealthy'], ['#HealthyGrilling', '#LowCalorieEats', '#NutrientRichDish', '#LeanProteinMeal', '#HeartHealthyEating', '#FlavorfulSkewers']]"
68,33,"[3735, 4376, 5837]",Unhealthy,2024-12-11 10:16:03.435015+00:00,"[['#UnhealthyIngredients', '#HighFatContent', '#HighCalorieDish', '#LowFSAcore', '#NotRecommendedForWeightLoss', '#LimitedPhysicalActivity'], ['#UnhealthyEggplantParmesan', '#HighCalorieDish', '#HighFatContent', '#LowNutritionalValue', '#NotSuitableForWeightLoss', '#NotRecommendedForInactiveLifestyles'], ['#UnhealthyBaconCheeseTreats', '#HighCalorieSnack', '#FSA10BaconCheeseTreats', '#FatLoadedTreats', '#ProteinPackedIndulgence', '#NotForTheHealthConscious']]"
67,33,"[2282, 446, 2075]",Healthy,2024-12-11 10:16:03.431442+00:00,"[['#NutritiousPastaFagioliSoup', '#HealthyIngredientsOnly', '#LowFatHighProteinMeal', '#FSA6ApprovedRecipe', '#EnergizingSoupOption', '#MealPrepMadeEasy'], ['#HealthyBlackBeanStew', '#ProteinPackedMeal', '#BrazilianFlavors', '#NutrientRichDish', '#LowFatNutrition', '#FillingAndDelicious'], ['#HealthyTurkeyGoulash', '#LowFatHighProtein', '#NutrientRichMeal', '#NourishingDinnerOption', '#DeliciousAndHealthy', '#FSAapprovedTurkeyGoulash']]"
66,31,"[3489, 3735, 5687]",Unhealthy,2024-12-11 10:15:51.842786+00:00,"[['#HealthySteakOption', '#AvocadoSalsaPerfection', '#HighProteinDish', '#NutrientRichMeal', '#ModerateFatContent', '#NotRecommendedForLowActivityLifestyle'], ['#UnhealthyButDelicious', '#HighCalorieHawaiianChicken', '#FSA10HawaiianChicken', '#FattyAndProteinRich', '#NotRecommendedForNormalBMI', '#NoSleepNoActivityNoHawaiianChicken'], ['#UltraCalorieCasserole', '#FatFueledFeast', '#ProteinPowerhousePlate', '#UnhealthyHeartHam', '#FSA10Fail', '#SedentaryServingSugarBomb']]"
65,31,"[561, 494, 446]",Healthy,2024-12-11 10:15:51.839468+00:00,"[['#HealthyEating', '#LowFatHighProtein', '#AuthenticMoroccanFlavors', '#NutritionallyBalanced', '#DeliciouslyLowCalorie', '#HeartHealthyFSA6'], ['#HealthyEating', '#LowFatMeal', '#HighProteinDish', '#NutrientRichRecipes', '#FSA6Approved', '#DeliciouslySatisfying'], ['#HealthyBlackBeanStew', '#ProteinPackedStew', '#LowFatHighProtein', '#NutritiousBrazilianStew', '#FSA6ApprovedRecipe', '#CalorieConsciousDish']]"
64,36,"[4416, 5133, 3573]",Unhealthy,2024-12-11 10:15:45.863623+00:00,"[['#UnhealthyEatingChoice', '#HighCalorieCasserole', '#HighFatMeal', '#LowProteinOption', '#NotRecommendedForWeightLoss', '#AvoidIfInactive'], ['#LowCalorieCabbageRolls', '#HealthyIngredientsOnly', '#FatContentWarning', '#HighProteinDish', '#FSA10Meal', '#NotRecommendedForInactiveIndividuals'], ['#DecadentIndulgence', '#DietersBeware', '#CalorieBomb', '#FattyFudge', '#UnhealthyTreat', '#SkipItSparseky']]"
63,36,"[2210, 3084, 2483]",Healthy,2024-12-11 10:15:45.860373+00:00,"[['#HealthyIngredients', '#LowFatHighProtein', '#CalorieCountFriendly', '#FSA6Approved', '#NutrientPackedRolls', '#DeliciouslyHealthy'], ['#HealthyEatingWithSwissSteak', '#LowCalorieHighProtein', '#NutritiousSwissSteakRecipe', '#FSAapprovedSwissSteak', '#EasyHealthyDinnerOption', '#GetCookingWithSwissSteak'], ['#HealthyHouseFriedRice', '#NutritiousAndDelicious', '#LowFatHighProtein', '#FSAapproved', '#236CaloriesMeal', '#EasyAndHealthyDinner']]"
62,35,"[3735, 5569, 5989]",Unhealthy,2024-12-11 10:15:26.525468+00:00,"[['#UnhealthyButDelicious', '#HighCalorieMeal', '#EatInModeration', '#LowActivityRecipe', '#NotForWeightLoss', '#SleepMoreCookLess'], ['#HealthyChickenPotPie', '#LoadedWithProtein', '#AvoidIfTryingToLoseWeight', '#HighCalorieCount', '#NotRecommendedForInactiveLifestyles', '#UnhealthyPotPie'], ['#UnhealthyDrumettes', '#HighCalorieMeal', '#HighFatContent', '#LowProteinOption', '#NotForWeightLoss', '#HighFSA']]"
61,35,"[2803, 936, 446]",Healthy,2024-12-11 10:15:26.521850+00:00,"[['#HealthySpaghettiSauce', '#LowFatHighProtein', '#NutritiousTomatoSauce', '#DivineDinnerOption', '#DeliciouslyHealthy', '#FSA6Approved'], ['#HealthyPorkChopCasserole', '#LowFatHighProteinMeal', '#NutritiousCabbageCasserole', '#FSA4ApprovedRecipe', '#BalancedDietDish', '#370CalorieMeal'], ['#HealthyBlackBeanStew', '#NutritiousDinnerOption', '#HighProteinMeal', '#FillingAndFlavorful', '#FSAApprovedRecipe', '#WholesomeIngredients']]"
60,29,"[3992, 3649, 4516]",Unhealthy,2024-12-11 10:15:04.080932+00:00,"[['#HealthyRaspberryAlmondCoffeecake', '#LowCalorieCoffeecake', '#NutrientRichTreat', '#BalancedFatAndProtein', '#UnhealthyChoice', '#NotRecommended'], ['#HealthyEnchiladaCasserole', '#LowCalorieEnchiladas', '#ProteinPackedCasserole', '#NutritiousMexicanDish', '#NoGuiltyPleasure', '#FSAApprovedMeals'], ['#UnhealthyTreat', '#BadFSA', '#HighCalories', '#HighFatContent', '#NotRecommended', '#LackOfNutrition']]"
59,29,"[2955, 2746, 200]",Healthy,2024-12-11 10:15:04.077550+00:00,"[['#HealthyChickenPasta', '#LowCalorieMeal', '#HighProteinDish', '#NutritiousPastaOption', '#DeliciousAndHealthy', '#FitFoodChoice'], ['#HealthyHamburgerSoup', '#LowCalorieMeal', '#HighProteinDish', '#NutrientPackedSoup', '#FSA5Approved', '#SatisfyingSoup'], ['#HealthyBeefSkewers', '#LowCalorieDish', '#ProteinPackedMeal', '#NutrientRichRecipe', '#FSA6Approved', '#EnergyBoostingMeal']]"
58,28,"[3992, 3649, 4516]",Unhealthy,2024-12-11 10:14:11.337729+00:00,"[['#NutritiousBake', '#HealthyIndulgence', '#LowCalorieTreat', '#AlmondGoodness', '#RaspberryDelight', '#CulinaryDecadence'], ['#HealthyEnchiladaCasserole', '#LowCalorieMexicanDish', '#ProteinPackedCasserole', '#NutrientRichMeal', '#FSA10approved', '#NotForWeightLoss'], ['#HealthyIndulgence', '#DecadentTreat', '#CoconutGoodness', '#NutritionFail', '#CalorieBomb', '#NotForDieting']]"
57,28,"[2955, 2746, 200]",Healthy,2024-12-11 10:14:11.334060+00:00,"[['#HealthyChickenPasta', '#LowFatHighProteinMeal', '#FSA5Approved', '#NutritiousPastaDish', '#MacronutrientBalanced', '#DeliciousandHealthy'], ['#HealthyHamburgerSoup', '#LowCalorieDish', '#LeanProteinMeal', '#FSA5Approved', '#NutritiousIngredients', '#BalancedDietOption'], ['#HealthyEating', '#LowCalorieDish', '#ProteinPackedMeal', '#NutrientRich', '#FSA6Approved', '#EasyRecipe']]"
56,30,"[3489, 3735, 5687]",Unhealthy,2024-12-11 10:14:04.583470+00:00,"[['#HealthyProteinOption', '#AvocadoSalsaDelight', '#FlankSteakPerfection', '#LowFSArating', '#NutrientRichDish', '#HighProteinMeal'], ['#UnhealthyChoice', '#HighCalorieMeal', '#HighFatContent', '#LowFSArating', '#NotRecommended', '#BetterOptionsAvailable'], ['#UnhealthyCasserole', '#HighCalorieMeal', '#HighFatContent', '#LowProteinDish', '#NotRecommendedForRegularConsumption', '#HighFSAIndex']]"
55,30,"[561, 494, 446]",Healthy,2024-12-11 10:14:04.579992+00:00,"[['#HealthyEatingChoice', '#LowCalorieHighProtein', '#NutrientRichMeal', '#DeliciousAndHealthy', '#FSA6Approved', '#EnergyBoostingDish'], ['#HealthyAppleGlazedPorkTenderloin', '#LowFatHighProteinMeal', '#FSA6ApprovedDish', '#DeliciousAndNutritiousPorkRecipe', '#EnergyBoostingMealOption', '#PerfectForActiveLifestyles'], ['#HealthyBlackBeanStew', '#ProteinPackedMeal', '#LowFatHighProtein', '#NutritiousComfortFood', '#FillingAndDelicious', '#FuelYourBody']]"
54,21,"[3992, 3649, 4516]",Unhealthy,2024-12-11 10:13:37.531011+00:00,"[['#HealthyBaking', '#LowCalorieTreat', '#NutritiousDessert', '#AlmondLovers', '#RaspberryIndulgence', '#FSA10'], ['#HealthyEnchiladaCasserole', '#LowCalorieMexicanDish', '#ProteinPackedCasserole', '#EatCleanStayLean', '#FSA10ApprovedRecipe', '#NutritionallyBalancedMeal'], ['#DecadentCoconutIndulgence', '#CalorificTreat', '#UnhealthyButDelicious', '#SweetToothSatisfier', '#IndulgentDessert', '#HighFatHighCalorie']]"
53,21,"[2955, 2746, 200]",Healthy,2024-12-11 10:13:37.527765+00:00,"[['#HealthyChickenPasta', '#LowFatHighProtein', '#NutritiousMeal', '#FSA5Approved', '#185Calories', '#GoodForYou'], ['#HealthyHamburgerSoup', '#LowCalorieHighProteinSoup', '#NourishingBeefSoup', '#NutrientRichMeal', '#FillingSoupOption', '#BalancedDietChoice'], ['#HealthyEatingWithBeef', '#LowCalorieHighProtein', '#GoodFatsBeefSkewers', '#NutritiousGingerHoisin', '#FSA6ApprovedRecipe', '#DeliciousLowFatDish']]"
52,25,"[3992, 3649, 4516]",Unhealthy,2024-12-11 10:12:59.262464+00:00,"[['#HealthyBaking', '#LowCalorieTreats', '#AlmondGoodness', '#RaspberryLove', '#FSA10Approved', '#MindfulIndulgence'], ['#HealthyEnchiladaCasserole', '#LowCalorieMexicanDish', '#ProteinPackedEnchilada', '#NutritiousWeeknightMeal', '#ModerateFatContent', '#FSA10ApprovedMeal'], ['#HealthyIndulgence', '#CoconutDelight', '#NutritiousTreat', '#DecadentSplurge', '#MindfulEating', '#GuiltFreeDessert']]"
51,25,"[2955, 2746, 200]",Healthy,2024-12-11 10:12:59.259004+00:00,"[['#HealthyChickenPasta', '#NutritiousMeal', '#LowCalorieDish', '#ProteinPackedPasta', '#BalancedMeal', '#FSA5StarRecipe'], ['#HealthyHamburgerSoup', '#LowCalorieDish', '#HighProteinMeal', '#NutritiousSoupOption', '#FSAratingOf5', '#BalancedDietMeal'], ['#HealthyEating', '#LowCalorieDish', '#ProteinPackedMeal', '#GingerLoversDelight', '#HoisinBeefSkewers', '#HighFSAscore']]"
50,27,"[5474, 6345, 6563]",Unhealthy,2024-12-11 10:12:19.879381+00:00,"[['#UnhealthyButDelicious', '#HighCalorieChowder', '#FatFilledSoup', '#ProteinPackedIndulgence', '#NotForWeightLoss', '#TasteOverHealth'], ['#HealthySausagePastaSauce', '#ItalianSausageDelight', '#ProteinPackedSausageSauce', '#LowCalorieItalianSausage', '#NutritiousSausageSauce', '#BalancedSausagePastaSauce'], ['#LowFatRicottaGnocchi', '#HealthyProteinMeal', '#FSA10ApprovedRecipe', '#NutrientRichDish', '#HighProteinLowCalorie', '#BalancedMealOption']]"
49,27,"[1005, 2329, 236]",Healthy,2024-12-11 10:12:19.875840+00:00,"[['#HealthyChickenChili', '#LowFatHighProtein', '#FSA4Approved', '#412CaloriesPerServing', '#NutrientRichMeal', '#EasyAndDelicious'], ['#HealthyEating', '#LowFatHighProtein', '#LentilLoafGoodness', '#FSA6Outof6', '#NutritiousMeal', '#FuelForActiveLifestyle'], ['#HealthyEating', '#HighProteinDiet', '#LowFatMeals', '#FSA6', '#ImitationMeatloaf', '#CalorieSmart']]"
48,26,"[5474, 6345, 6563]",Unhealthy,2024-12-11 10:11:52.917940+00:00,"[['#UnhealthyButTasty', '#HighCalorieSoup', '#FattyChowder', '#LowFSArating', '#ProteinPacked', '#NotRecommendedForWeightLoss'], ['#SavorySausageSauce', '#ItalianSausageIndulgence', '#CalorieRichComfort', '#FattyButDelicious', '#ProteinPackedPasta', '#UnhealthyButTasty'], ['#HealthyRicottaGnocchi', '#LowBMIIngredients', '#HighProteinDish', '#FSA10Approved', '#CalorieFriendlyMeal', '#NutrientRichDinner']]"
47,26,"[1005, 2329, 236]",Healthy,2024-12-11 10:11:52.914361+00:00,"[['#HealthyEating', '#LowFatHighProtein', '#NutrientRichMeal', '#FSA4Approved', '#BalancedDiet', '#DeliciouslyNutritious'], ['#HealthyLentilLoaf', '#HighProteinDish', '#LowFatMeal', '#NutrientRichEating', '#FillingAndBalanced', '#EasyDinnerOption'], ['#HealthyMeatloafOption', '#LowCalorieHighProteinDish', '#FSA6ApprovedRecipe', '#NutrientRichMeatloaf', '#BalancedDietMealChoice', '#SatisfyingYetHealthyEating']]"
46,20,"[3489, 4167, 5609]",Unhealthy,2024-12-11 10:11:51.565025+00:00,"[['#HealthySteakOption', '#AvocadoSalsaDelight', '#LowFatHighProteinMeal', '#NutrientRichDish', '#FSA10Approved', '#CalorieConsciousChoice'], ['#UnhealthyEatingOption', '#HighCalorieMeal', '#HighFatContent', '#LowSleepHighActivity', '#BMIConcerns', '#FSA10'], ['#UnhealthyEats', '#HighFatContent', '#LowProteinContent', '#HighCalories', '#AvoidIfYoureTryingToLoseWeight', '#NotRecommendedForLowActivityLevels']]"
45,20,"[561, 91, 494]",Healthy,2024-12-11 10:11:51.561338+00:00,"[['#HealthyEating', '#LowFat', '#HighProtein', '#NutrientRich', '#GoodFSA', '#MoroccanFlavors'], ['#HealthyVeggieBurgers', '#LowCalorieDinner', '#HighProteinMeal', '#NutritiousBlackBeanBurgers', '#FSA5Recipe', '#BalancedDietOption'], ['#HealthyAppleGlazedPorkTenderloin', '#LowFatHighProteinMeal', '#FSA6ApprovedRecipe', '#DeliciousLowCalorieDish', '#EnergyBoostingPorkTenderloin', '#NutrientRichMealOption']]"
44,24,"[5474, 6345, 6563]",Unhealthy,2024-12-11 10:10:53.596616+00:00,"[['#UnhealthyButDeliciousHamChowder', '#HighCaloriePotatoHamChowder', '#HighFatHamChowderRecipe', '#ProteinPackedHamSoup', '#NotRecommendedForWeightLoss', '#AvoidIfInactiveAndUnhealthy'], ['#SavoryItalianSausageSauce', '#HealthyPastaDish', '#HighProteinMeal', '#NotForWeightLoss', '#IndulgentItalianCuisine', '#TreatYourselfToGoodFood'], ['#HealthyRicottaGnocchi', '#LowCaloriePasta', '#ProteinPackedMeal', '#HealthyFatDish', '#NutrientRichDinner', '#FSA10Option']]"
43,24,"[1005, 2329, 236]",Healthy,2024-12-11 10:10:53.593205+00:00,"[['#HealthyChickenChili', '#LowFatHighProtein', '#NutritiousMeal', '#FSAapprovedRecipe', '#CalorieFriendlyDish', '#DeliciousAndNutrientRich'], ['#HealthyEating', '#NutritiousLentilLoaf', '#LowCalorieMeal', '#HighProteinDish', '#FSA5Approved', '#EnergizingMeal'], ['#HealthyEatingWithImitationMeatloaf', '#LowFatHighProteinMeatloaf', '#FSA6ApprovedImitationMeatloaf', '#NutritiousAndDeliciousMeatloaf', '#331CaloriesImitationMeatloaf', '#ProteinPackedMeatloafOption']]"
42,22,"[3735, 5569, 5989]",Unhealthy,2024-12-11 10:10:12.969227+00:00,"[['#UnhealthyEatingOption', '#HighCalorieMeal', '#HighFatContent', '#LowFSArating', '#NotRecommendedForDailyConsumption', '#BetterOptionsAvailable'], ['#UnhealthyChickenPotPie', '#HighCalorieComfortFood', '#FatLadenMeal', '#NotForWeightWatchers', '#HighFSA', '#NutritionallyUnbalanced'], ['#UnhealthyDrumettes', '#HighCalorieDish', '#FattyFoods', '#NotRecommended', '#LowNutritionalValue', '#AvoidIfInactive']]"
41,22,"[2803, 936, 446]",Healthy,2024-12-11 10:10:12.965473+00:00,"[['#HealthySpaghettiSauce', '#LowFatHighProtein', '#NutritiousPastaSauce', '#DeliciousAndHealthy', '#DivineDinnerOption', '#FSA6Approved'], ['#HealthyPorkChopCasserole', '#LowFatHighProteinMeal', '#NutritiousCabbageRecipe', '#FSA6Rating', '#EasyMealPrep', '#LowCalorieDinner'], ['#HealthyBlackBeanStew', '#NutrientRichIngredients', '#LowFatHighProtein', '#FSA6Approved', '#CalorieFriendlyMeal', '#DeliciousAndNutritious']]"
38,18,"[3992, 3649, 4516]",Unhealthy,2024-12-11 10:10:02.255804+00:00,"[['#HealthyRaspberryCoffeecake', '#LowFatAlmondTreat', '#FSA10Approved', '#LowCalorieDessert', '#NutrientRichCoffeecake', '#BalancedDietOption'], ['#HealthyIngredientsLowFSA', '#LowCalorieEnchiladaCasserole', '#ProteinPackedMeal', '#NutritiousLowFatDish', '#GoodForModerateActivity', '#SleepWellEatWell'], ['#DecadentCoconutTreat', '#IndulgentBonBons', '#CalorieRichDessert', '#HighFatSweetTreat', '#NotIdealForWeightLoss', '#TastyButNotHealthy']]"
37,18,"[2955, 2746, 200]",Healthy,2024-12-11 10:10:02.252408+00:00,"[['#HealthyChickenPasta', '#LowCalorieMeal', '#HighProteinDish', '#NutritiousDinnerOption', '#GoodFSArating', '#SatisfyingAndDelicious'], ['#HealthyHamburgerSoup', '#LowCalorieDish', '#HighProteinMeal', '#NutrientRichIngredients', '#BalancedDietChoice', '#HeartHealthyOption'], ['#HealthyBeefSkewers', '#LowCalorieDinner', '#HighProteinMeal', '#NutrientRichRecipe', '#NutritionistApproved', '#BalancedDietOption']]"
36,23,"[3735, 5152, 3834]",Unhealthy,2024-12-11 10:09:55.198994+00:00,"[['#UnhealthyHawaiianChicken', '#HighCalorieDish', '#FattyChickenRecipe', '#PoorNutritionalChoice', '#NotRecommendedDish', '#AvoidHawaiianChicken'], ['#UnhealthyIngredients', '#HighCalorieDish', '#HighFatContent', '#LowProteinRatio', '#NotRecommended', '#PoorNutritionalValue'], ['#HighFatContent', '#UnhealthyMeal', '#HighCalorieCount', '#QuickAndUnhealthy', '#NotRecommended', '#SkipTheCassoulet']]"
35,23,"[561, 494, 2265]",Healthy,2024-12-11 10:09:55.183399+00:00,"[['#HealthyEating', '#LowFatMeal', '#HighProteinDish', '#NutrientRich', '#MoroccanFlavors', '#MealPrepWinner'], ['#HealthyEatingOption', '#LowFatHighProtein', '#NutrientRichMeal', '#GoodFSArating', '#EnergyBoostingDish', '#EasyHealthyRecipe'], ['#HealthyTomatoCurryLentilStew', '#LowFatHighProteinStew', '#NutritiousPlantBasedMeal', '#FSAapprovedStew', '#EnergyBoostingStew', '#EasyHealthyMealOption']]"
34,19,"[5474, 6345, 6563]",Unhealthy,2024-12-11 10:09:27.804390+00:00,"[['#HealthyHamChowder', '#LowCalorieSoup', '#ProteinPackedDish', '#NutritiousChowder', '#FSA10Approved', '#BalancedMeal'], ['#SausageHealthyChoice', '#LeanProteinPastaSauce', '#NutritiousSausageDish', '#CalorieConsciousSausage', '#BalanceHealthAndFlavor', '#ProteinPackedSausageSauce'], ['#HealthyRicottaGnocchi', '#LowCaloriePasta', '#HighProteinDinner', '#NutrientRichMeal', '#FSA10Friendly', '#HealthierItalianDish']]"
33,19,"[1005, 2329, 236]",Healthy,2024-12-11 10:09:27.800888+00:00,"[['#HealthyBlondeChickenChili', '#LowFatHighProtein', '#FSA4Approved', '#NutritiousAndDelicious', '#BalancedDietOption', '#EasyMealForWeightManagement'], ['#HealthyEating', '#HighProteinMeal', '#LowFatDish', '#NutritiousRecipes', '#FillingYetLight', '#EasyToMake'], ['#HealthyIngredients', '#HighProteinMeatloaf', '#LowFatDish', '#FSA6Approved', '#NutritiousChoice', '#QuickAndEasyMealprep']]"
32,14,"[5569, 4376, 6507]",Unhealthy,2024-12-11 10:09:08.296736+00:00,"[['#UnhealthyIndulgence', '#CaloricBomb', '#HighFatContent', '#LowProteinRatio', '#PoorFoodStandard', '#NotWorthTheEffort'], ['#UnhealthyButDelicious', '#HighFatLowRating', '#CalorieBomb', '#ProteinPackedIndulgence', '#AvoidIfWatchingWeight', '#NotForEverydayEating'], ['#UnhealthyChowder', '#HighFatMeal', '#FSA10Chowder', '#CaloricOverload', '#IndulgentDish', '#NotForEveryday']]"
31,14,"[2282, 446, 2075]",Healthy,2024-12-11 10:09:08.293026+00:00,"[['#HealthyAndDeliciousSoup', '#LowFatHighProteinMeal', '#NutrientPackedBowl', '#FSA6ApprovedRecipe', '#NutritiousAndFillingSoup', '#PerfectForActiveLifestyles'], ['#HealthyBlackBeanStew', '#ProteinPackedMeal', '#NutritiousBrazilianStew', '#LowFatHighProtein', '#BalancedDietOption', '#QuickEasyMealprep'], ['#HealthyTurkeyGoulash', '#LowFatHighProtein', '#NutrientRichDish', '#FSA6ApprovedMeal', '#311CaloriesPerServing', '#DeliciousAndNutritious']]"
30,17,"[3489, 4167, 5609]",Unhealthy,2024-12-11 10:08:49.635804+00:00,"[['#HealthyEating', '#LeanProtein', '#AvocadoSalsa', '#LowCalorie', '#WeightManagement', '#NutritiousMeal'], ['#IndulgentDish', '#HighCalorieMeal', '#NotFitForWeightLoss', '#UnhealthyOption', '#DecadentDinner', '#TastyButNotHealthy'], ['#UnhealthyEating', '#HighFatContent', '#LowProtein', '#FSA10', '#LowCalorieOption', '#NotRecommended']]"
29,17,"[561, 91, 494]",Healthy,2024-12-11 10:08:49.632207+00:00,"[['#HealthyEating', '#MoroccanCuisine', '#LowFat', '#HighProtein', '#FSA6', '#NutritiousMeal'], ['#HealthyBurgers', '#BalancedMeals', '#LowCalorie', '#HighProtein', '#NutritiousEating', '#HomemadeGoodness'], ['#HealthyEating', '#LowFatHighProtein', '#AppleGlazedPork', '#FSA6', '#CalorieCount434', '#NutrientRichMeal']]"
28,13,"[5474, 6345, 6563]",Unhealthy,2024-12-11 10:08:48.182073+00:00,"[['#UnhealthyChowderOption', '#HighCalorieSoup', '#NotRecommendedForWeightLoss', '#FSA10Rating', '#PoorChoiceForLowActivityLifestyle', '#SkipTheHamChowder'], ['#SausagePastaSauce', '#HighCalorieItalianSausage', '#UnhealthyFSA', '#NotRecommended', '#HighFatContent', '#LowActivityRequirement'], ['#HealthyRicottaGnocchi', '#LowFatHighProtein', '#WholesomeIngredients', '#NotSuitableforWeightLoss', '#HighCalorieDish', '#NotRecommendedforInactivity']]"
27,13,"[1005, 2329, 236]",Healthy,2024-12-11 10:08:48.178763+00:00,"[['#HealthyChickenChili', '#LowFatHighProtein', '#NutritiousMealChoice', '#HeartHealthyDinner', '#FillingAndNutritious', '#FastAndSimpleDinnerOption'], ['#HealthyLentilLoaf', '#NutrientRichMeatlessMeal', '#HighProteinVeggieLoaf', '#LowFatHighProteinOption', '#BalancedMealOption', '#HeartHealthyDish'], ['#HealthyProteinPackedMeatloaf', '#LowFatHighProteinMeal', '#NutritiousMeatlessOption', '#FSA6ApprovedMeatloaf', '#WeightLossFriendlyDish', '#EasyHealthyMealOption']]"
26,16,"[5474, 6345, 6563]",Unhealthy,2024-12-11 10:08:43.831808+00:00,"[['#UnhealthyHamChowder', '#HighCalorieChowder', '#FattyHamSoup', '#LowProteinMeal', '#NotRecommended', '#BadChoice'], ['#HighFatSauce', '#UnhealthyDish', '#CalorieBomb', '#SausageOverload', '#InactiveEating', '#NotRecommended'], ['#HealthyRicottaGnocchi', '#LowFatGnocchi', '#HighProteinPasta', '#FSA10Approved', '#NutrientRichMeal', '#DeliciousYetLight']]"
25,16,"[1005, 2329, 236]",Healthy,2024-12-11 10:08:43.828429+00:00,"[['#HealthyChickenChili', '#LowCalorieHighProtein', '#BalancedDietApproved', '#NutrientRichMeal', '#QuickAndEasyCooking', '#FSA4Certified'], ['#HealthyLentilLoaf', '#FSA5Approved', '#HighProteinDish', '#LowFatMeal', '#NutrientPackedLoaf', '#EnergyBoostingMeal'], ['#HealthyEatingChoice', '#HighProteinDish', '#LowFatOption', '#NutritiousAndDelicious', '#FSAapproved', '#QuickAndEasyMeal']]"
24,15,"[4416, 5133, 3573]",Unhealthy,2024-12-11 10:08:10.581800+00:00,"[['#UnhealthyChoice', '#HighCalorieCasserole', '#FatHeavyRecipe', '#ObesityRisk', '#UnsuitableForWeightLoss', '#NotRecommended'], ['#HealthyCabbageRolls', '#LowCalorieMeal', '#ProteinPackedDish', '#HeartHealthyIngredients', '#NotRecommendedForHighBMI', '#FSA10'], ['#SinfullyDecadentFudge', '#CalorieladenIndulgence', '#HighFatLowProtein', '#UnhealthyTreat', '#AvoidIfWatchingWeight', '#NotForTheHealthConscious']]"
23,15,"[2210, 3084, 2483]",Healthy,2024-12-11 10:08:10.577692+00:00,"[['#NutritiousVietnameseSaladRolls', '#FreshIngredientsHealthyEats', '#LowCalorieHighProteinRolls', '#FSA6ApprovedRecipe', '#HealthyEatingMadeEasy', '#WholesomeVietnameseCuisine'], ['#HealthyEating', '#LowFatHighProtein', '#SlowCookerRecipe', '#NutritiousMeals', '#FSA5Star', '#EasyMealPrep'], ['#HealthyHouseFriedRice', '#LowFatHighProteinHouseFriedRice', '#FSA6ApprovedHouseFriedRice', '#NutrientPackedHouseFriedRice', '#WholesomeHouseFriedRice', '#BalancedMealHouseFriedRice']]"
22,11,"[4416, 5133, 3573]",Unhealthy,2024-12-11 10:06:05.489765+00:00,"[['#HealthyParmesanArtichokeCasserole', '#LowCalorieHighProteinCasserole', '#FSA10ParmesanCasserole', '#LightAndNutritiousArtichokeCasserole', '#WeightLossFriendlyCasserole', '#FitFareParmesanCasserole'], ['#HealthyCabbageRolls', '#LowCalorieDish', '#ProteinPackedMeal', '#FSA10Approved', '#NutritiousIngredients', '#NotRecommendedForWeightLoss'], ['#DecadentDessert', '#GuiltyPleasure', '#IndulgentTreat', '#CalorieBomb', '#NotForWeightLoss', '#HighFatHighCalorie']]"
21,11,"[2210, 3084, 2483]",Healthy,2024-12-11 10:06:05.479876+00:00,"[['#FreshVietnameseSaladRolls', '#HealthyIngredientsOnly', '#LowFatHighProtein', '#NutrientPackedRolls', '#DeliciouslyHealthyEats', '#FSA6Approved'], ['#HealthySwissSteak', '#LowFatHighProtein', '#CalorieCountedMeal', '#NutritiousSlowCooker', '#DeliciouslyHealthyDinner', '#FSA5ApprovedMeal'], ['#HealthyHouseFriedRice', '#LowCalorieHighProtein', '#NutritiousAndDelicious', '#FitApprovedDish', '#FSA6Approved', '#BalancedAndTasty']]"
20,10,"[3735, 5569, 5989]",Unhealthy,2024-12-11 10:05:31.848700+00:00,"[['#UnhealthyEatingChoice', '#HighFatContent', '#UnfitForWeightLoss', '#BadFSArating', '#CalorieOverload', '#NotForRegularConsumption'], ['#HealthyChickenPotPie', '#LowFSArecipe', '#HighProteinMeal', '#NutritiousDinnerOption', '#BalancedMealChoice', '#NotForWeightLoss'], ['#UnhealthyEating', '#HighCalorieDish', '#NotRecommendedForWeightLoss', '#FSA10Rating', '#CalorieBomb', '#SkipThisRecipe']]"
19,10,"[2803, 936, 446]",Healthy,2024-12-11 10:05:31.845896+00:00,"[['#HealthySpaghettiSauce', '#NutritiousMeal', '#FSA6Approved', '#LowFatHighProtein', '#DeliciousDinnerOption', '#BalancedDietChoice'], ['#HealthyPorkChop', '#NutritiousCabbage', '#LowFatHighProtein', '#FSAscore4', '#DeliciousCasserole', '#EasyMealPrep'], ['#HealthyBeans', '#HighProteinStew', '#LowFatMeal', '#NutrientRichDish', '#FSA6Approved', '#HealthyComfortFood']]"
18,9,"[3649, 4376, 4416]",Unhealthy,2024-12-11 09:31:46.771051+00:00,"[['#HealthyEnchiladaCasserole', '#LowCalorieMexicanMeal', '#ProteinPackedDinner', '#NutritiousMexicanCasserole', '#FSA10Enchilada', '#EnergizingMealOption'], ['#HealthyEggplantParmesan', '#LowFatHighProtein', '#UnhealthyFSA', '#HighCalorieCount', '#NotRecommendedForWeightGain', '#MinimumActivityLevelRequired'], ['#HealthyIngredients', '#FSA10', '#LowCalorieCasserole', '#HighProteinDish', '#NotForGainingWeight', '#NotRecommendedForLowBMI']]"
17,9,"[2282, 1879, 2719]",Healthy,2024-12-11 09:31:46.768202+00:00,"[['#HealthyEating', '#LowFatDiet', '#HighProteinMeal', '#NutritiousSoup', '#FSA6', '#CalorieCounting'], ['#HealthyChickenFajitaSoup', '#LowCalFajitaSoup', '#HighProteinFajitaSoup', '#NutrientRichFajitaSoup', '#WeightGainFriendlySoup', '#LowFatHighProteinSoup'], ['#HealthyChickenSoup', '#LowFatHighProtein', '#QuickAndEasyRecipe', '#FSA6Approved', '#Under200Calories', '#NutrientRichMeal']]"
16,8,"[3735, 4376, 5837]",Unhealthy,2024-12-11 09:31:24.411226+00:00,"[['#unhealthyhawaiian', '#highcaloriechicken', '#fatsaturateddish', '#lowFSAscore', '#notformaintainingweight', '#notforhealthyeating'], ['#UnhealthyEggplantParmesan', '#HighCalorieMeal', '#FattyDish', '#UnbalancedNutrition', '#NotRecommendedForHealthyEating', '#LowFSAScore'], ['#UnhealthyIngredients', '#HighFatContent', '#CalorieOverload', '#BadFSArating', '#NoSleepSolution', '#LazyFoodPrep']]"
15,8,"[2282, 446, 2075]",Healthy,2024-12-11 09:31:24.407868+00:00,"[['#HealthyPastaFagioliSoup', '#LowFatHighProteinSoup', '#NutritiousItalianSoup', '#FSA6ApprovedMeal', '#CalorieFriendlyDish', '#EnergyBoostingSoup'], ['#HealthyBeanStew', '#NutrientRichMeal', '#LowFatHighProtein', '#BalancedDietDelight', '#FSA6Approved', '#BrazilianCuisineEats'], ['#HealthyTurkeyGoulash', '#HighProteinMeal', '#LowFatHighProtein', '#NutritiousDinnerOption', '#GoodFSArecipe', '#CalorieFriendlyMeal']]"
14,7,"[5569, 4376, 6507]",Unhealthy,2024-12-11 09:31:03.203911+00:00,"[['#UnhealthyButDelicious', '#HighCalorieIndulgence', '#FatLoadedComfortFood', '#LowProteinRatio', '#NotRecommendedForRegularDiet', '#FSA10WarnsAboutThis'], ['#LowFatEggplantParmesan', '#HighProteinMeal', '#UnhealthyChoice', '#HighCalorieDish', '#NotRecommended', '#FSA10'], ['#UnhealthyChowder', '#HighFatContent', '#HighCalorieSoup', '#NotRecommended', '#FattyDish', '#LowFSAScore']]"
13,7,"[2282, 446, 2075]",Healthy,2024-12-11 09:31:03.200923+00:00,"[['#HealthyItalianSoup', '#LowFatHighProtein', '#NutrientPackedDish', '#FSA6Approved', '#Under300Calories', '#HeartHealthyOption'], ['#HealthyBlackBeanStew', '#ProteinPackedMeal', '#LowFatNutrition', '#NutrientRichDish', '#BalancedDietOption', '#DeliciousAndNutritious'], ['#HealthyTurkeyGoulash', '#LowFatHighProtein', '#NutrientRichMeal', '#FSA6Approved', '#CalorieConscious', '#HighProteinDinner']]"
12,6,"[3489, 4167, 5609]",Unhealthy,2024-12-11 09:29:08.321745+00:00,"[['#HealthySteakDish', '#ProteinPackedMeal', '#GoodFatsRecipe', '#AvocadoSalsaDelight', '#NutritiousEating', '#NotIdealForWeightLoss'], ['#UnhealthyChoice', '#HighFatContent', '#HighCalorieMeal', '#NotRecommendedForWeightLoss', '#LowSleepHighActivityUnfriendly', '#HighFSA'], ['#UnhealthyEatingChoice', '#HighFatContent', '#PoorFSArating', '#CalorieHeavy', '#NotForWeightLoss', '#AvoidForLowActivity']]"
11,6,"[561, 91, 494]",Healthy,2024-12-11 09:29:08.319011+00:00,"[['#HealthyEatingWithTagine', '#NutrientPackedTagine', '#LowFatHighProteinTagine', '#FSA6ApprovedTagine', '#FlavorfulMoroccanDish', '#MealPrepWithTagine'], ['#HealthyHomemadeBurgers', '#BlackBeanProteinPower', '#LowCalorieVegetarianBurgers', '#NutritiousVeggieBurgers', '#FuelYourBodyRight', '#DeliciousHealthKick', '#HealthyEating', '#VegetarianOptions', '#NutrientRich', '#FuelYourDay', '#BalancedDiet', '#FoodForFuel'], ['#HealthyEating', '#LowFatMeal', '#ProteinPacked', '#FSA6', '#DeliciouslyNutritious', '#BalancedMeal']]"
10,5,"[3735, 5569, 5989]",Unhealthy,2024-12-11 09:27:40.486408+00:00,"[['#UnhealthyHawaiianChicken', '#HighCalorieDish', '#FSA10Meal', '#HighFatChicken', '#ProteinPackedMeal', '#NotRecommendedRecipe'], ['#UnhealthyDeliciousness', '#CalorieBombPie', '#HighFatHighProtein', '#HeartUnfriendlyComfortFood', '#FSA10Dish', '#NotForFitFolks'], ['#unhealthyfood', '#highcalories', '#lowFSAscore', '#caloriedense', '#fatteningrecipe', '#notidealforhealthyeating']]"
9,5,"[2803, 936, 446]",Healthy,2024-12-11 09:27:40.483607+00:00,"[['#HealthySpaghettiSauce', '#NutritiousIngredients', '#HeartHealthyRecipe', '#LowCalorieMeal', '#HighProteinDish', '#DeliciouslyGoodFSA'], ['#HealthyPorkChopCasserole', '#LowFatHighProteinCabbage', '#BalancedDietRecipe', '#NutrientRichMeal', '#FitnessFriendlyCasserole', '#DeliciousAndNutritious'], ['#HealthyBlackBeanStew', '#BrazilianFlavors', '#ProteinPackedMeal', '#LowFatDinner', '#HighFiberDelight', '#NutrientRichEating']]"
